ImageNumber,ObjectNumber,Location_Center_X,Location_Center_Y,Number_Object_Number,Worm_Angle_1,Worm_Angle_10,Worm_Angle_11,Worm_Angle_12,Worm_Angle_13,Worm_Angle_14,Worm_Angle_15,Worm_Angle_16,Worm_Angle_17,Worm_Angle_18,Worm_Angle_19,Worm_Angle_2,Worm_Angle_3,Worm_Angle_4,Worm_Angle_5,Worm_Angle_6,Worm_Angle_7,Worm_Angle_8,Worm_Angle_9,Worm_ControlPointX_1,Worm_ControlPointX_10,Worm_ControlPointX_11,Worm_ControlPointX_12,Worm_ControlPointX_13,Worm_ControlPointX_14,Worm_ControlPointX_15,Worm_ControlPointX_16,Worm_ControlPointX_17,Worm_ControlPointX_18,Worm_ControlPointX_19,Worm_ControlPointX_2,Worm_ControlPointX_20,Worm_ControlPointX_21,Worm_ControlPointX_3,Worm_ControlPointX_4,Worm_ControlPointX_5,Worm_ControlPointX_6,Worm_ControlPointX_7,Worm_ControlPointX_8,Worm_ControlPointX_9,Worm_ControlPointY_1,Worm_ControlPointY_10,Worm_ControlPointY_11,Worm_ControlPointY_12,Worm_ControlPointY_13,Worm_ControlPointY_14,Worm_ControlPointY_15,Worm_ControlPointY_16,Worm_ControlPointY_17,Worm_ControlPointY_18,Worm_ControlPointY_19,Worm_ControlPointY_2,Worm_ControlPointY_20,Worm_ControlPointY_21,Worm_ControlPointY_3,Worm_ControlPointY_4,Worm_ControlPointY_5,Worm_ControlPointY_6,Worm_ControlPointY_7,Worm_ControlPointY_8,Worm_ControlPointY_9,Worm_Length
11,1,774.7613843351548,180.5992714025501,1,-0.3754591971625949,0.031609944411152835,0.1786532919765742,0.0,-0.17991934469963944,0.17991934469963944,0.0,-6.217248937900877e-15,0.07160599228206044,-0.02799519134116979,-0.1417437369751453,0.12158515983396834,0.12644048410461428,-0.12644048410461028,0.1264404841046023,-0.36172671076364216,0.23528622665903587,-3.9968028886505635e-15,1.3766765505351941e-14,828.0,781.1643015213704,775.992878714724,770.7475005237221,765.0908585032898,759.4342164828576,754.1917880247984,748.5351460043661,742.8785039839338,737.2218619635016,731.3996708546061,822.2427907557268,725.642461610333,720.0,817.364261167894,812.1928383612478,806.728522335788,801.5570995291419,796.0927835036822,791.5071471346628,786.3357243280166,152.0,179.83569847862967,183.0071212852759,186.0,188.0,190.0,193.0,195.0,197.0,199.0,200.60032914539386,153.75720924427316,202.357538389667,205.0,157.63573883210594,160.80716163875218,163.2714776642119,166.4429004708581,168.9072164963178,173.49285286533717,176.6642756719834,129.70138290356925
11,2,890.3924278846154,259.0012019230769,2,-0.08001851766363877,-0.014934410119327224,-0.00817678901969765,-0.06758117818940809,0.1299527023907089,-0.07833601672116519,-0.056285962704149956,0.0740219296011754,0.0213397247618638,0.026162537849539813,-0.05224293335878899,-0.08216899978897024,-0.10476291209322275,-0.035650174654566935,0.11786561391218514,-0.11786561391218514,0.1321735596606144,-0.2622881431598828,0.13011458349926838,806.0,881.2721545523419,889.9578933844479,898.8405932195567,907.777729623052,916.7856146128854,925.3332972172891,934.1570922770973,943.1817580303394,951.9427835036822,960.6285223357881,813.6062109218647,969.2222162028814,978.0,821.5053150625429,829.6973124220344,838.2576739541853,846.9434127862912,855.214938056024,863.90067688813,872.1217653135598,223.0,257.0,260.0,262.92029660977835,265.77772962305204,268.0,271.33329721728904,274.0,276.1817580303395,279.0,282.0,228.60621092186472,285.2222162028815,288.0,233.50531506254285,237.69731242203449,241.0,244.0,248.0,251.0,255.1217653135598,198.56759038450474
11,3,1409.878241262683,275.63528748590755,3,-0.22282908740833246,0.03117642371917123,0.031879041706067535,-0.15401722020624814,0.1947202013375347,-0.10282769434894112,-0.0515013379497119,0.07776918272326794,0.06875976462025579,-0.06080745581243119,-0.16377715190705366,-1.0935696792557792e-14,-0.07776918272326,-0.006698324260570154,0.013394527494811792,0.1476328290643959,-0.0765598495753666,0.10857061381131078,-0.13576921079246196,1324.0,1401.441177490061,1410.2928932188136,1418.948528137424,1427.4828427124748,1436.5979184719831,1444.9757359312882,1453.0606601717798,1462.024264068712,1470.6949747468307,1479.1029437251523,1331.7920310216784,1487.7435028842544,1497.0,1340.4627416997969,1349.1334523779155,1358.0970562748478,1367.0857864376271,1376.024264068712,1384.4020815280173,1393.0727922061358,228.0,271.8308831175458,276.2928932188136,281.0,286.0,289.59791847198306,294.9757359312882,299.06066017177994,303.024264068712,307.69497474683067,313.0,234.7920310216783,317.74350288425444,321.0,239.46274169979696,244.13345237791563,248.09705627484777,252.0,256.024264068712,261.4020815280172,266.0727922061359,212.10764773832506
11,4,1080.7265238879736,380.4146073585942,4,0.0658594969787839,-0.07518064206454672,-0.07483957776398237,0.00015006312130344535,-0.16187726724625687,0.12804628655727704,0.10204054708857246,-0.05126760143673709,-0.1959002615497554,0.09190489560579099,-0.19389015053107855,0.14046273167364665,-0.07152987181412929,-0.12157289077866562,0.040752481355142756,-0.0539719474147784,-0.1347923568382936,-0.21979209833973734,-4.274358644806853e-15,1002.0,1068.3644967312991,1077.617009357884,1087.1624152032823,1097.0010101267767,1106.8390133317052,1116.543650813896,1126.5156114601286,1136.0862915010152,1145.8576118445749,1155.6289321881345,1009.7880465325175,1165.8144660940673,1176.0,1016.8689862838482,1022.5357124728062,1028.9095454429505,1035.8149711574556,1042.9501046020528,1050.7381511345702,1059.1119841047146,318.0,384.36449673129925,388.617009357884,392.1624152032822,395.0,397.8390133317054,399.0,401.5156114601286,405.0,408.0,409.0,325.78804653251746,411.0,411.0,333.86898628384836,342.53571247280615,350.90954544295056,358.0,365.9501046020527,373.73815113457016,380.11198410471457,220.2792206135787
11,5,649.3697389451252,389.01438465636653,5,-0.032537295958905865,-0.021562221270846393,0.13533281251765938,0.01876925571185728,0.07095520439605929,-0.01372377164413141,-0.04351032697043378,0.22685780182882587,-0.0854040247922998,-0.056144649897552856,0.22960955135797168,0.12119687978405125,-0.07327446387303915,0.07172892786061125,-0.07172892786061258,7.549516567451064e-15,-0.10111666252628604,0.12122603825432021,0.0014528455428060028,739.0,660.3030483272048,651.3682720163546,642.5222565055154,633.1279220613576,623.6586526085832,613.906601717798,604.2092622740244,594.6852813742385,584.2461940777125,574.1564971157455,730.2177669529663,565.0175883860929,555.0,722.0213203435596,712.8761670298557,704.0301515190165,694.8912427893638,686.0452272785247,677.1992117676855,669.0,335.0,387.0,392.6317279836454,398.47774349448457,403.0,407.3413473914167,411.0,414.7907377259757,419.0,421.0,423.84350288425446,341.0,426.98241161390706,428.0,347.0,352.12383297014435,357.9698484809835,363.1087572106362,368.9547727214753,374.80078823231446,381.50050506338846,225.35028842544426
11,6,617.5625332623736,472.3214475784992,6,0.05231505511227441,-0.17272553034539495,0.19088744634748211,-0.07496529398152729,0.06369438011275008,-0.1268442543763042,-0.1377820525836091,0.24484621867321987,0.01473066708307913,0.06330187526025499,-0.03845099089423476,-0.08349938334324358,-3.9968028886505635e-15,0.0,0.10394441034665158,-6.217248937900877e-15,3.1086244689504383e-15,0.0,0.09996544822971964,717.0,628.3794314979218,617.9816018545088,608.2806915614682,598.5797812684276,588.4144841282223,577.7179257866688,567.8067398991017,558.1467869226699,547.8021376520207,537.3966872472229,707.2990897069594,527.2866967306675,517.0,697.0754487077768,687.4984254277249,677.9214021476731,668.3443788676213,658.3531420251963,648.3619051827716,638.3706683403467,440.0,471.0,473.01839814549123,476.7193084385318,478.4202187315724,481.0,483.0,486.1932601008983,490.85321307733017,493.0,495.0,443.7009102930406,496.2866967306675,498.0,447.0,451.0,455.0,459.0,462.0,465.0,468.0,224.67755059088338
11,7,502.7865554465162,614.0068694798822,7,-0.12276681124402544,0.06008399489887439,6.994405055138486e-15,0.06008399489887817,-0.060083994898871174,0.18769885967546251,-0.12761486477658412,0.0626828163451475,-0.024671246067523023,-0.00902356989746278,-0.08907199527904708,0.05953965452636434,-0.08920493607448954,0.06341492935003046,0.02579000672446663,0.0031431618187657273,-0.06268281634514061,0.12276681124402844,-0.06008399489888472,417.0,496.31430067750097,505.12596795110267,513.2305284435179,521.749302498306,529.5609697719077,537.6655302643228,544.0629839755513,551.874651249153,558.9792117415681,566.0,425.51877405478825,573.4812259452118,582.0,434.6233345472034,443.02078825843205,452.5335610732213,461.4818451454671,469.87929885669575,478.6909661302975,487.7955266227127,536.0,604.314300677501,612.1259679511028,620.2305284435179,628.749302498306,637.5609697719076,645.6655302643228,655.0629839755513,663.874651249153,672.9792117415682,681.5326853918225,544.5187740547883,690.4812259452118,699.0,551.6233345472035,559.020788258432,566.0,573.4818451454671,580.8792988566958,588.6909661302975,595.7955266227127,240.94731606147212
11,8,1434.2629224652087,636.6590457256461,8,0.06938378757350483,-3.552713678800501e-15,-0.06588685281786955,-0.1508458877439054,0.03604096121160527,-0.10399699336697354,0.036384241239296955,2.1760371282653068e-14,0.06340212107806309,-0.003215011084532371,0.06396515574537531,0.07521845283710515,-0.09413377354076857,-0.11905921326126556,0.06776675651684405,-0.06858715014512429,-0.06877565863359258,-1.9095836023552692e-14,-0.13320431549636025,1531.0,1439.7169971543562,1430.7037983754842,1421.690599596612,1413.0,1406.0,1398.1715242364728,1391.4802074567335,1384.4670086778615,1377.4538098989892,1369.7335043389307,1520.815228345874,1362.4274123412451,1354.0,1510.3375634729346,1499.4357937838415,1488.8834961121054,1478.9881456048363,1468.8068460226668,1458.9149675873543,1449.3159823708552,584.0,623.2830028456438,630.2962016245158,637.309400403388,645.0420105763897,653.4748900308502,662.2427136452907,671.5197925432665,680.5329913221386,689.5461901010107,698.2664956610693,588.1847716541259,706.5725876587549,715.0,591.6624365270653,594.3910515540397,598.1165038878946,603.0,607.193153977333,612.0850324126455,617.6840176291446,238.3632165739882
11,9,1429.7532119914347,710.9935760171306,9,0.13890608467782517,0.06601085241959748,0.0,-0.06601085241960591,0.06982328888465261,-0.13583414130420435,-0.003812436465076896,0.003812436465060909,0.06601085241958327,0.06601085241959037,-0.06601085241959748,0.02668120772457616,-0.0536328177304779,-0.018400970651611726,0.09625584910939367,-0.05090326845188642,0.0771761084630973,0.12462176992834895,0.005013235007522265,1493.0,1440.2843644072855,1432.5137505379482,1424.4502434497974,1416.3867363616466,1409.0303360546825,1401.3810425289048,1394.3175354407538,1387.668241914976,1380.6047348268253,1372.834120957488,1488.5590756404586,1364.7706138693372,1357.0,1482.9097821146806,1477.0,1471.6111950631253,1466.3434488844998,1460.060672109365,1454.411378583587,1448.0,628.0,705.7156355927144,713.4862494620518,720.5497565502026,727.6132636383534,734.9696639453177,741.6189574710954,749.6824645592461,757.3317580850239,765.3952651731746,773.1658790425118,637.4409243595417,780.2293861306626,788.0,646.0902178853192,654.63161350473,663.3888049368747,672.3131022310006,680.939327890635,689.5886214164127,697.9222489755639,219.78615043962768
11,10,1273.4060039370079,637.0669291338583,10,0.2988916573771454,-0.06811616761885997,-0.08169628495296344,-0.051477875502332626,0.009755174159027824,0.025918845923742495,0.02864925509894345,-0.012845399679381586,0.02943661531111097,-0.009717334983998072,-0.16947303265089797,-0.19229053743903712,0.06284068190108627,-0.13378368588536294,0.038739104313563644,-0.05907670658881248,0.10897513314680696,-0.07398387281821028,0.050686915824165624,1388.0,1284.7938690998976,1272.9094859908778,1260.6962715339314,1248.8972706393579,1238.53395329699,1227.3703366620766,1217.1613547084166,1204.6007619976763,1192.8017611031028,1180.2615010594268,1376.435021049273,1168.59925047161,1158.0,1365.4558285361732,1353.5979563666326,1342.0329774159056,1329.8334226518791,1318.610126295638,1307.9238270013516,1296.9217013423977,651.0,635.7938690998976,634.0,633.0,633.0,633.5339532969899,634.0,634.1613547084169,634.0,634.0,633.6307505297134,650.435021049273,633.40074952839,635.0,646.4558285361729,644.5979563666326,642.0329774159055,641.0,639.6101262956382,638.9238270013517,637.0,252.54856038639153
11,11,918.4391930835735,749.5982708933717,11,0.07506578205965853,-0.10702534763247862,0.11504558379185692,-0.06433346563586073,0.07150058573375795,-0.07150058573377416,6.439293542825908e-15,0.07150058573377616,0.008534959108896456,0.053285779908156417,-0.13781451927456156,0.027141259323494094,-0.05239262933528477,0.025251370011775576,9.880984919163893e-15,6.328271240363392e-15,-0.06700287630233692,0.13411797161486294,-0.010801865836042479,844.0,911.9652988752191,919.2169892001053,926.8972667638785,934.115492291705,941.5965211701381,948.7846568297576,956.2656857081909,963.7467145866239,970.5206366838703,977.2310709188946,851.7739220972467,983.93318468394,991.0,859.2549509756795,866.6266191289465,874.3885816077997,881.8696104862328,889.350639364666,896.831668243099,904.7478889578441,685.0,742.9652988752191,750.0,756.0,763.1154922917049,769.5965211701381,776.7846568297576,783.2656857081907,789.7467145866237,796.5206366838703,803.3466063783419,690.7739220972467,810.93318468394,817.0,697.2549509756797,704.0,710.3885816077998,716.8696104862328,723.350639364666,729.8316682430991,735.810916718383,203.31117876023575
11,12,158.896484375,834.6005859375,12,0.06857873118612812,-0.08169943337543839,0.08169943337543906,0.005915843828625977,-0.13696070365544766,0.17729815311048203,0.03996375008278874,0.01241666881224579,-0.01241666881224579,-0.25375428602271377,0.2641657480133808,0.017451838965206523,0.22114814310735165,0.01612944065576305,-0.2027504252889456,0.04735874811638441,0.0,0.0,0.08169943337543839,160.0,161.0,160.0,160.0,159.0,158.0,158.4908116907964,157.0,155.0,153.0,151.0,162.0,151.97885822331375,150.0,163.12928932188134,164.0,162.32720779386418,160.46966991411003,161.0,161.0,161.0,719.0,823.9441125496955,836.1568542494927,847.9553823869164,860.1681240867134,871.5524386617641,881.4908116907964,893.0784271247462,904.8769552621701,915.8470562748478,927.6455844122717,730.7985281374239,939.0211417766862,950.0,742.1292893218814,752.7387301627792,764.6727922061358,776.53033008589,787.7201010126778,798.6902020253555,811.3171572875256,252.53910524340125
11,13,1879.2478723404256,894.756914893617,13,-4.8183679268731794e-14,0.04860199875220306,0.118712613688021,-0.16731461244020407,0.17941719030915704,0.003540015329633217,0.09635821568606673,-0.06725877781321721,0.17795297677842026,-0.067156341660489,-0.05091997320085806,-0.1431539375549532,0.08862712866764932,-0.10581602971406345,0.08813635802863262,0.055267150570227574,-0.03287506991650502,0.11687629098726937,0.005672135178742099,1836.0,1880.8611958724,1884.6672618895782,1888.0,1890.1580735803745,1893.9641395975525,1896.0,1898.0,1899.0,1900.703122292026,1900.5091883092036,1840.5131727983644,1901.0,1902.0,1845.0263455967292,1850.9537319574667,1856.0,1862.1013978977555,1867.3216774773064,1872.0,1877.0,800.0,883.8611958724002,893.6672618895782,903.6693867451843,914.1580735803744,923.9641395975524,934.5034487885407,945.0576118445749,956.0259884629824,966.7031222920257,976.5091883092038,809.5131727983646,986.8600505063389,997.0,819.026345596729,827.9537319574667,837.2460894756599,846.1013978977554,855.3216774773065,864.7664430200318,874.0779653889468,227.6518036156092
11,14,629.8902185223725,942.2122788761707,14,0.0,0.0,0.0,0.14202292459080468,0.05422256004501458,0.20561701604079996,0.06612632245555927,0.053510402696845816,0.06618072643540485,-0.09749067545847634,-0.0883267761293336,-0.07164193445187328,0.2105032807142888,-6.661338147750939e-15,0.06604419009337148,0.0631936649161724,-7.549516567451064e-15,0.12923785500953633,0.0684803561234828,704.0,643.5775342903789,634.5900974233025,625.602660556226,616.6152236891496,607.0420003844463,597.248737341529,586.609650045003,575.6862915010151,565.3314754519511,553.8639610306789,698.7196699141101,543.639087296526,533.0,693.4393398282202,688.8661165235169,682.1715728752538,675.4770292269907,668.0753787975412,660.3808351492781,652.272077938642,868.0,944.4224657096211,950.4099025766975,956.397339443774,962.3847763108504,966.9579996155536,971.0,973.0,974.3137084989849,975.0,975.0,877.2803300858899,976.0,978.0,886.5606601717798,896.1338834764832,904.8284271247462,913.5229707730093,921.9246212024589,929.6191648507219,937.727922061358,229.35028842544418
11,15,1022.1113699906804,918.6882572227399,15,-0.0530203474480162,-0.047189449821211316,-0.015193148336737128,-0.08626134325309653,-0.06113561531643752,0.0,0.016426918491937226,-0.03273385461775069,0.05281753025743141,0.04944627973964577,0.0318127487511668,0.1459488293144915,-0.15008681507495147,-0.008042441333811379,0.07888889917790642,-0.16202544263137586,-3.1086244689504383e-15,-0.1752359749504997,-0.06599583618183491,1140.0,1032.3654762208434,1021.2634559672903,1010.3796897832166,999.5663996924427,989.157211383239,979.0409162928488,968.9246212024586,958.7289321881344,948.6920310216783,938.3999999999999,1127.8334523779156,927.873654403271,917.0,1115.9597979746445,1105.8435028842543,1093.9573593128805,1081.3076118445747,1068.2436508138958,1056.0081169079629,1043.7725830020302,895.0,905.0,909.7365440327096,915.0,920.4336003075573,926.842788616761,933.9590837071512,941.0753787975414,948.0,955.3079689783217,962.0,895.1665476220844,968.126345596729,974.0,895.9597979746446,895.1564971157457,896.0,897.0,897.0,899.0,901.0,261.27922061357924
11,16,239.57822001105583,1001.2061912658928,16,-0.07487967178376387,-0.0007446144710923086,0.1123796461883746,-0.06234494747863373,0.13424008646331664,0.09970952112670783,-0.09970952112670783,0.03853724655122459,0.03195039917794196,-0.06258440390362763,-0.00790324182553892,0.07626307251492115,0.02577532748275546,0.08685535648152021,0.03882367977328327,0.014278721088071933,-0.1694550569995794,0.11635265613822421,0.004384514224273328,341.0,249.2218102623362,240.18870863569532,229.75610763668874,220.76881598757643,209.79725002500032,199.18545982510904,188.98788318759088,178.3760929876996,168.71201655939285,158.39515327503634,330.86029221980687,148.6117901998913,138.0,321.01906028733674,310.873769878234,300.62390701230026,290.012116812409,279.5759668812142,269.2027499749995,259.8336004622275,990.0,1004.0,1004.8112913643047,1005.7561076366887,1005.557796003106,1006.0,1005.0,1003.0,1002.0,1000.7120165593929,999.0,992.1397077801932,998.0,997.0,995.0,997.1262301217661,999.0,1000.0,1000.5759668812142,1001.0,1003.0,220.52007524528776
11,17,1701.4700109051255,1357.0,17,-0.1457737215313999,-0.033964949642760645,0.06750288044762398,-0.033537930804844907,-1.84297022087776e-14,3.0531133177191805e-14,-1.2101430968414206e-14,-0.011277624942513165,0.04915351448135996,0.17728571580896046,-0.35233631156027456,-0.07512124355946703,-0.07401639350237005,0.05093503202725813,-0.030892463367635847,0.05397382484275709,-0.015285235175178491,0.10548865380572942,0.05879886183700822,1612.0,1694.066369055211,1702.696699141101,1711.462489168103,1719.957359312881,1728.5876893987709,1737.2180194846608,1745.8483495705505,1754.4786796564404,1763.1541630560343,1771.6313708498985,1620.3374368670766,1778.5227922061358,1787.0,1629.2606601717798,1638.4767766952968,1647.9798989873225,1657.2855339059329,1666.7109127034742,1675.927029226991,1685.202438661764,1309.0,1349.0663690552112,1354.696699141101,1360.0,1365.957359312881,1371.5876893987709,1377.2180194846605,1382.8483495705505,1388.4786796564404,1394.0,1400.0,1315.3374368670766,1407.0,1411.0,1320.2606601717798,1324.4767766952966,1328.0,1332.0,1335.7109127034742,1339.927029226991,1344.0,219.24978336205612
11,18,1700.7695167286245,1473.7716409984068,18,0.10019914612175265,0.0,-0.10019914612175265,-0.18695571216838872,-0.01819245887590253,-0.11460651072109361,-0.20404411014550353,0.016332820914412127,0.13355454665969882,0.0,0.08883287340990256,-6.050715484207103e-15,0.07580250282125983,-0.04945897562547191,0.04241457258409198,-0.03540269924192768,0.02836194681587828,-0.02134295549114318,-0.04037439186268127,1600.0,1690.5987806691182,1700.757359312881,1710.9159379566436,1721.4887301627793,1732.8899494936613,1744.2058874503045,1753.4393398282202,1762.672792206136,1772.6958369439658,1783.2686291501016,1610.5727922061358,1793.8414213562373,1804.0,1620.7313708498984,1630.8899494936613,1640.7414213562374,1650.7928932188133,1660.672792206136,1670.6958369439658,1680.6041630560344,1449.0,1478.0,1481.0,1484.0,1486.0,1486.0,1485.7941125496952,1484.5606601717798,1481.327207793864,1478.0,1476.0,1451.0,1474.0,1473.0,1454.0,1457.0,1460.7414213562374,1464.0,1467.672792206136,1471.0,1474.6041630560344,228.02438661763972
11,19,1074.388284085018,1504.6013478486261,19,-0.11837553354928332,0.11347720407523232,0.07857363947293283,-0.24958652345174848,0.10775954476411043,0.19413749934090152,-0.008577687387219868,-0.043732833266041826,-1.7763568394002505e-15,0.0,-0.1221196215954965,0.05934783351566297,0.06960023098178025,0.12931410688778788,-0.10118246985622559,0.0052299588673019315,-0.010454833256937413,0.08523177607598154,0.028960686871115193,1171.0,1086.7912614964896,1076.8680122112787,1066.2165614817707,1055.496676258801,1045.6627745491423,1035.4908842130717,1024.5451786141894,1013.6369002047594,1002.9170149817896,992.19712975882,1162.3511825888959,981.4772445358503,972.0,1153.3677795925378,1144.2805046760614,1134.9194489813444,1125.027990883121,1115.5507463472707,1106.0519736292847,1096.5962572755698,1459.0,1505.2087385035102,1509.1319877887213,1512.0,1514.0,1518.5581503005717,1522.0,1523.4548213858106,1525.0,1527.0,1529.0,1464.0,1531.0,1534.0,1470.7241653055967,1476.7194953239386,1482.0,1486.0,1491.0,1495.9480263707153,1501.0,230.96624695431774
11,20,407.23888055972014,1500.8905547226386,20,0.19059918311700977,-0.04348781830443926,-0.09418478577675407,0.0941847857767554,-0.08051148843771555,-0.28172220477075083,0.006506958776401242,-0.09044450749327969,-0.013673297339038853,0.08282863678578693,0.04229469141181612,0.07423454464328078,-0.04636739466573081,0.14808616981228012,-0.015682786034283303,-0.12731337943992782,0.05994726809837625,-0.1327388822458957,-0.013092119203916841,303.0,395.547131989268,406.1918361634855,417.0241244097131,428.27062621831385,439.1029144645414,449.52098914839587,460.35327739462343,472.0139927655972,483.26049457419793,493.67856925805245,314.24650180860067,505.23991046193674,517.0,324.66457649245524,334.76554998842823,345.0675547549784,354.9298898689591,364.6602616572801,374.9376121119219,384.9586153264586,1465.0,1504.547131989268,1508.0,1511.0,1513.0,1516.0,1518.0,1517.0,1516.0,1514.0,1512.0,1467.0,1510.760089538063,1510.0,1471.0,1475.7655499884283,1480.0540438039827,1486.0,1491.6602616572802,1496.0,1500.9586153264586,241.498578666938
11,21,1255.1593625498008,1588.3829681274901,21,0.1320387615851102,-0.04241127436940628,-0.016936932653685233,-0.08368881215861879,0.04403535977060491,0.023188631036304752,0.03131999632010607,0.1225927334209822,-0.13744790838938692,2.6867397195928788e-14,-0.06903998977383252,0.06431773646259198,0.06840119579561499,1.021405182655144e-14,7.105427357601002e-15,0.020908333169753046,0.013238565420376602,-0.0898064941510417,-0.02244010580535516,1304.0,1257.9336787238512,1253.0,1248.5986045317031,1244.3704072638493,1241.0,1237.127919405661,1233.0,1228.6198958526022,1222.977485022375,1218.7492877545212,1301.0,1214.5210904866672,1211.0,1296.7234477542538,1291.7881437052133,1286.1457328749864,1280.5033220447594,1274.8609112145323,1269.0,1263.0,1488.0,1577.0663212761488,1587.244939244045,1597.4013954682969,1607.6295927361507,1618.2130982573312,1628.7441611886775,1639.214828769269,1649.380104147398,1659.0225149776247,1669.2507122454788,1499.0683842655435,1679.4789095133326,1690.0,1509.2765522457462,1519.2118562947865,1528.8542671250136,1538.4966779552406,1548.1390887854677,1557.6909937931318,1567.185286339481,239.59147841175732
11,22,1323.8961807423345,1690.6724045185583,22,0.14910568246156258,0.12875121381728405,-0.11536322615328864,0.04977655951902593,-0.05413309205513239,0.13223653594511375,-0.0778154798407793,-0.025035400268353603,0.004302055508980995,0.09067662810597898,-0.19869367424973117,0.00474461519152114,0.24933988339117452,-0.09249820513351292,-0.020318302376159503,-0.14126799107304167,0.07194339707885278,-0.1458763706111097,0.07393297353229389,1240.0,1315.465162874636,1324.0904340451698,1332.1837328979632,1340.7551899486107,1349.1238397122765,1357.7128390708647,1365.7523238037716,1374.1197863713733,1382.58983977853,1391.042350877746,1249.2110576081607,1399.1157330304702,1408.0,1257.8363287786945,1266.6331728244822,1273.6903370574023,1281.5498646301276,1289.5893493630347,1298.2146205335684,1306.5469984852887,1630.0,1684.465162874636,1690.09043404517,1697.0,1702.7551899486105,1709.0,1714.7128390708647,1721.7523238037716,1728.0,1734.0,1740.0423508777458,1634.2110576081607,1747.0,1752.0,1639.8363287786945,1645.633172824482,1653.3806741148046,1660.5498646301276,1667.5893493630347,1673.2146205335682,1679.546998485289,219.10669562790596
11,23,332.31194574856545,1546.2576943140323,23,-0.06867192100927794,0.15616010208341569,-0.10038622394426155,1.4432899320127035e-15,0.06330606983403164,-0.10710042159125277,0.3250715241181636,-0.08404712520694774,-0.028413795626907434,-0.03229394924172985,0.06446810436441586,0.06698405664245112,-2.220446049250313e-16,0.1835790009054025,-0.1835790009054025,0.09286788123421907,-0.0915328832580824,0.15863064173003447,-0.02327801662251433,228.0,322.8828398391312,332.80898092748987,342.76950419097824,353.14424101683966,363.518977842701,373.63195170258643,384.1898238721268,393.40054763316607,402.96242246069994,412.64161497379996,236.8005128566597,422.4536902988848,432.0,245.84997871511123,257.0531426657189,268.2563066163266,278.9873346119346,290.1904985625423,300.98546821373384,312.1826129013846,1527.0,1539.7207099597827,1542.0,1546.0,1549.0,1552.0,1555.6319517025863,1558.189823872127,1564.0,1568.9624224607,1573.6416149738,1527.8005128566597,1578.0,1583.0,1528.0,1529.0,1530.0,1533.0,1534.0,1535.9854682137338,1537.0,232.347550259615
11,24,570.6032074495603,1578.4883600620797,24,0.09546140806363218,0.05487312838352293,-0.012432276526234243,0.11216730234947903,-0.01121753943959436,0.07754309542607996,-0.17979061372324567,0.09304805833139118,0.06972460441936645,-0.022964548427261366,0.11281679986102411,-0.04798195477769318,-0.08364556764552344,-0.10717698386031933,0.28526427497184653,-1.9761969838327786e-14,-0.05917233868643296,0.13072872627049603,-0.06320404864646095,470.0,561.9806687859323,571.8833584486545,581.5614819314051,591.2905387138134,600.5565086392508,609.869291854226,618.9684439561723,628.7673058971893,638.1183726417054,647.1765461674081,480.52263961976996,656.3319437733533,665.0,490.6498209522783,500.9747314284174,510.8854283421834,522.027411661223,531.9642648433661,541.9011180255092,552.3367088226028,1543.0,1570.9806687859323,1575.0,1579.561481931405,1584.0,1589.5565086392508,1595.0,1601.3122959707816,1605.7673058971893,1611.1183726417053,1617.176546167408,1545.52263961977,1623.0,1630.0,1549.0,1552.0,1554.0,1555.0274116612231,1558.9642648433662,1562.901118025509,1566.3367088226028,231.3510232651683
11,25,902.3384146341464,1681.0091463414635,25,0.12440389381152572,-0.14124206481182977,0.11941370352883696,0.04943148695949384,-0.0928762985838556,-1.7985612998927536e-14,-0.1359924120076551,0.007050659594061481,0.04618953970913031,0.013825323935307443,0.0,-0.026873514765228368,0.0,-0.017055436657038126,0.019513858658083194,-0.058686692612613944,0.05622827061156088,-0.13611884507184935,0.0604168273085528,856.0,895.0,899.7809052281851,906.0,911.0,915.6419864329982,921.0807371275964,926.5194878221948,933.3724520791661,940.3175752100389,946.7082850484303,861.0,952.8541425242151,959.0,864.756181045637,868.7807181778622,872.8052553100874,877.0,881.0,885.5859734879498,889.610510620175,1583.0,1672.0696660194526,1681.780905228185,1690.8964268226828,1700.5169140054843,1710.6419864329982,1720.0807371275964,1729.5194878221946,1738.3724520791661,1747.476362815058,1756.7082850484303,1592.6204871828015,1765.8541425242151,1775.0,1602.7561810456368,1612.7807181778621,1622.8052553100874,1632.7592901635003,1642.793990908675,1652.5859734879498,1662.6105106201749,233.83109989334085
11,26,669.2154947916666,1771.8899739583333,26,0.0633820827310938,0.16884761677619164,-0.03650283452870928,-0.0033116371150805346,-0.01067575433312129,0.050490225976923764,-0.06860950835087976,-0.14359344091335335,0.10265583434005765,-0.042991313247762286,-0.13977463862366157,-0.010403844084055036,0.12761288874228316,-0.12265680860546446,0.18563523315407604,-0.018647329424354986,-0.10368461136250451,0.07081352347375502,-0.11732919946308717,620.0,664.6389926323718,670.0,674.0,678.2876131997214,682.6014511284425,687.0,691.0,695.5429649146055,701.2710164056996,706.2643215502382,626.0,711.5648417277193,718.0,631.4561029821882,637.0,641.4979924020033,647.0,651.0,655.146612969353,660.1314430578773,1701.0,1764.6389926323718,1771.519078777395,1778.9629126325792,1786.2876131997214,1793.6014511284425,1800.8802006357591,1808.3240344909436,1815.5429649146054,1822.2710164056996,1829.528643100476,1707.6154067304383,1836.5648417277193,1843.0,1714.4561029821882,1721.2604337536877,1728.4979924020035,1735.3196743393103,1742.7635081944945,1750.146612969353,1757.197164586816,182.01376209353472
11,27,887.0931818181818,1893.5676136363636,27,0.0784553758300438,0.21361762543241825,-0.004031623733304235,0.020796668259755124,-0.16030372045313057,0.22834189801532823,-0.15482420638213312,0.23445868052134122,-1.3322676295501878e-15,-0.022023771251620916,-0.12469977707524005,0.07636883055210508,0.07351769163323074,-4.873879078104437e-14,-0.07351769163316357,0.07351769163318056,-2.220446049250313e-15,0.0700789495057409,-2.4202861936828413e-14,815.0,884.9512842138063,892.281517490915,897.6962748206009,903.0,908.1141006876989,914.7372271836209,919.2390333359833,925.1550530507187,928.9497524218946,932.7444517930705,823.5018061523624,936.7882027319299,942.0,831.7107190859115,839.626738800647,847.2498652965689,854.8729917924911,862.7890115072266,870.4121380031488,878.0352644990708,1828.0,1882.9512842138065,1890.2815174909151,1898.6962748206008,1906.8659152360399,1915.1141006876987,1922.737227183621,1931.239033335983,1939.1550530507188,1947.9497524218946,1956.7444517930705,1832.5018061523624,1965.5764054638598,1974.0,1837.7107190859115,1843.6267388006468,1850.2498652965692,1856.8729917924911,1862.7890115072266,1869.4121380031488,1876.0352644990708,207.3303063169118
