ImageNumber,ObjectNumber,AreaShape_Area,AreaShape_BoundingBoxArea,AreaShape_BoundingBoxMaximum_X,AreaShape_BoundingBoxMaximum_Y,AreaShape_BoundingBoxMinimum_X,AreaShape_BoundingBoxMinimum_Y,AreaShape_Center_X,AreaShape_Center_Y,AreaShape_Compactness,AreaShape_Eccentricity,AreaShape_EquivalentDiameter,AreaShape_EulerNumber,AreaShape_Extent,AreaShape_FormFactor,AreaShape_MajorAxisLength,AreaShape_MaxFeretDiameter,AreaShape_MaximumRadius,AreaShape_MeanRadius,AreaShape_MedianRadius,AreaShape_MinFeretDiameter,AreaShape_MinorAxisLength,AreaShape_Orientation,AreaShape_Perimeter,AreaShape_Solidity,Intensity_IntegratedIntensityEdge_RawBF,Intensity_IntegratedIntensity_RawBF,Intensity_LowerQuartileIntensity_RawBF,Intensity_MADIntensity_RawBF,Intensity_MassDisplacement_RawBF,Intensity_MaxIntensityEdge_RawBF,Intensity_MaxIntensity_RawBF,Intensity_MeanIntensityEdge_RawBF,Intensity_MeanIntensity_RawBF,Intensity_MedianIntensity_RawBF,Intensity_MinIntensityEdge_RawBF,Intensity_MinIntensity_RawBF,Intensity_StdIntensityEdge_RawBF,Intensity_StdIntensity_RawBF,Intensity_UpperQuartileIntensity_RawBF,Location_CenterMassIntensity_X_RawBF,Location_CenterMassIntensity_Y_RawBF,Location_CenterMassIntensity_Z_RawBF,Location_Center_X,Location_Center_Y,Location_MaxIntensity_X_RawBF,Location_MaxIntensity_Y_RawBF,Location_MaxIntensity_Z_RawBF,Number_Object_Number,Parent_WormObjects,Worm_Angle_1,Worm_Angle_10,Worm_Angle_11,Worm_Angle_12,Worm_Angle_13,Worm_Angle_14,Worm_Angle_15,Worm_Angle_16,Worm_Angle_17,Worm_Angle_18,Worm_Angle_19,Worm_Angle_2,Worm_Angle_3,Worm_Angle_4,Worm_Angle_5,Worm_Angle_6,Worm_Angle_7,Worm_Angle_8,Worm_Angle_9,Worm_ControlPointX_1,Worm_ControlPointX_10,Worm_ControlPointX_11,Worm_ControlPointX_12,Worm_ControlPointX_13,Worm_ControlPointX_14,Worm_ControlPointX_15,Worm_ControlPointX_16,Worm_ControlPointX_17,Worm_ControlPointX_18,Worm_ControlPointX_19,Worm_ControlPointX_2,Worm_ControlPointX_20,Worm_ControlPointX_21,Worm_ControlPointX_3,Worm_ControlPointX_4,Worm_ControlPointX_5,Worm_ControlPointX_6,Worm_ControlPointX_7,Worm_ControlPointX_8,Worm_ControlPointX_9,Worm_ControlPointY_1,Worm_ControlPointY_10,Worm_ControlPointY_11,Worm_ControlPointY_12,Worm_ControlPointY_13,Worm_ControlPointY_14,Worm_ControlPointY_15,Worm_ControlPointY_16,Worm_ControlPointY_17,Worm_ControlPointY_18,Worm_ControlPointY_19,Worm_ControlPointY_2,Worm_ControlPointY_20,Worm_ControlPointY_21,Worm_ControlPointY_3,Worm_ControlPointY_4,Worm_ControlPointY_5,Worm_ControlPointY_6,Worm_ControlPointY_7,Worm_ControlPointY_8,Worm_ControlPointY_9,Worm_Length
12,1,907,6028,836,151,699,107,765.7409040793826,124.45975744211687,8.392364411461601,0.9962677680254589,33.982764264767994,1,0.15046449900464498,0.11915593162688243,146.63281758568158,141.20906486483082,4.123105625617661,2.068789717844319,2.0,15.047095412274965,12.656828389559804,-1.2408772955529934,309.27922061357856,0.5740506329113924,6.300145007669926,19.735851196572185,0.020080873742699623,0.0014419779181480408,1.1982244028641995,0.030991073697805405,0.030991073697805405,0.023162297822315905,0.021759483127422475,0.021461814641952515,0.016952773556113243,0.016952773556113243,0.003060857276378638,0.0024185517905458537,0.022980086505413055,766.8428484870454,123.98916181736041,0.0,765.7409040793826,124.45975744211687,764.0,119.0,0.0,1,1,0.08612142348754226,-0.12378026332611647,0.062315915620148044,-0.1509755672442501,-0.02287897818042861,-0.10408257014328637,0.12696154832371498,0.07721032238712677,-0.003040515169639324,0.07680576002676265,-4.440892098500626e-15,-0.16471759652420914,0.20470937423420743,-0.2789270239231243,-0.088431924092371,-0.08157582591269286,-0.1100025848244588,0.0,0.21243991495021852,834.0,773.4928932188134,766.4142135623731,759.6786796564403,752.7715728752537,746.2786796564402,739.8485281374237,733.7071067811864,727.214213562373,720.5100505063388,713.8142135623731,827.0928932188135,706.9071067811865,700.0,820.424264068712,814.0757359312881,806.7857864376269,800.2928932188134,793.2727922061358,786.4786796564404,779.9857864376269,111.0,121.0,122.58578643762694,125.0,127.0,130.0,133.15147186257622,137.0,140.0,142.48994949366124,145.0,111.0,147.0,149.0,110.42426406871192,110.92426406871193,110.0,111.0,112.72720779386424,115.0,118.0,154.71067811865476
12,2,947,2280,989,157,837,142,912.519535374868,149.33790918690602,8.572386419460472,0.9985971457618223,34.72402408800281,1,0.41535087719298247,0.11665363074742703,157.26297460248503,151.33076356114773,4.0,2.1018849975449134,2.0,8.960158948523683,8.327130900406745,-1.4988740677939278,319.39696961967,0.75518341307815,7.147646328434348,21.34111555479467,0.02072175219655037,0.0017242692410945892,1.7152603822053238,0.031097887083888054,0.031097887083888054,0.02366770307428592,0.022535496889962692,0.02235446684062481,0.01736476644873619,0.016464484855532646,0.0029845260684590253,0.002584244740898275,0.024170290678739548,910.8120829305203,149.50138496203536,0.0,912.519535374868,149.33790918690602,871.0,148.0,0.0,2,2,0.3183015760624275,0.045771695191829664,0.04537634350246211,-0.1295590691204329,0.16737218972372858,-0.0634989109539088,-0.10298550906358894,-0.02846731768469013,0.2866976862193269,-0.3309170104122465,0.2711243307704603,0.05511629521541472,-0.08080208556602386,-0.002494753592110044,-0.049269879992672294,0.028070374663387465,-0.13704444995339138,-0.04400842110023584,0.139284881631339,987.0,920.3567076047761,913.3605413160251,905.4204165459416,897.3309506729648,889.6556983623609,882.2790664894119,875.0944842203855,868.2027951701727,860.6115433694382,852.9362910588344,980.9302989648602,845.4774754878399,838.0,972.8408330918833,965.4099765120905,958.225394243064,950.2292897224452,942.391763610944,934.4645715388644,927.7297058540778,144.0,150.0,150.6394586839749,151.0,151.0,152.0,151.720933510588,151.9055157796144,152.7972048298273,154.0,153.0,146.0,154.52252451216017,154.0,146.0,145.5900234879096,145.77460575693598,146.0,146.608236389056,147.0,148.27029414592218,161.78931745953759
12,3,681,4900,939,318,889,220,912.481644640235,268.05139500734214,6.319799975509525,0.9975039155112227,29.44615645486938,1,0.1389795918367347,0.15823285608329343,111.4107790844621,107.78682665335315,4.242640687119285,2.04133326872737,2.0,8.049844718999243,7.866846417135601,-0.4580801721852418,232.55739520663056,0.8832684824902723,4.609109647572041,15.330052692443132,0.02031738730147481,0.0020294496789574623,1.2687427020639177,0.02984664775431156,0.02984664775431156,0.02363645973113867,0.022511090590959078,0.022621499374508858,0.01741054467856884,0.016174564138054848,0.0027308735319389694,0.00277893583748448,0.024319065734744072,913.0567110208824,266.9204632225339,0.0,912.481644640235,268.05139500734214,933.0,227.0,0.0,3,3,0.05684050561749254,0.0,-0.11043298446150396,-0.016993056301424003,0.07694606603004805,0.050479974732879906,-0.12742604076292796,0.11065675444848999,-0.016829742419538718,-0.07683395572753149,-0.03398383389887405,-0.04284371943831511,-0.11845359270234757,0.11964537586045032,-0.034852910985355035,-0.08479246487509329,0.009100699100829113,0.11832534166211217,-1.3322676295501878e-14,937.0,915.3313708498985,912.7071067811866,910.0828427124746,908.0,906.0,903.6242640687119,901.0,899.0,896.4585786437626,894.0,934.4702943725152,891.9171572875254,890.0,931.5798989873224,929.0,927.0,924.4142135623731,922.0,920.0,917.9556349186105,221.0,263.66862915010154,268.29289321881345,272.91715728752536,277.7656854249492,282.6485281374238,287.3757359312881,292.0,296.8828427124746,301.54142135623727,306.23431457505075,225.70627416997968,311.08284271247464,316.0,230.42010101267766,235.06274169979693,239.94558441227156,244.5857864376269,249.2970562748477,254.1798989873223,259.04436508138957,114.2253967444161
12,4,646,4732,890,410,838,319,863.2662538699691,363.8328173374613,5.928908312630422,0.9968344925461963,28.679483013103898,1,0.13651732882502113,0.16866511459954414,105.72625428316802,102.47438704378767,4.123105625617661,2.04130762046707,2.0,9.207860910633645,8.405732232647185,-0.46377393173312637,219.38582233137677,0.7792521109770808,4.92892349511385,16.563317393884063,0.021080339327454567,0.004364078864455223,4.119398338205337,0.03677424415946007,0.03677424415946007,0.027081997225900274,0.02563981020725087,0.02508583292365074,0.01760891079902649,0.016388189047574997,0.005733670164171714,0.005301666865381239,0.03005264326930046,861.3794986084641,367.49472903109785,0.0,863.2662538699691,363.8328173374613,849.0,386.0,0.0,4,3,-0.0969291385848603,-0.445150700935111,0.5377156786533119,-0.18701692008016169,0.09445194236196075,-8.881784197001252e-15,2.842170943040401e-14,-1.4210854715202004e-14,0.0,0.14770248931184904,0.13718758078776405,0.12174384988129727,-0.14770248931184904,0.0,0.0,-0.06812935552788035,-0.01591979622595585,0.0840491517538362,-5.329070518200751e-15,888.0,865.5610912703474,863.1464466094068,862.8531222920257,860.0,858.0238329701443,855.6091883092037,853.1945436482631,850.7798989873223,848.3652543263817,845.950609665441,885.0,842.8288582233138,839.0,882.4636038969321,879.3418524548049,876.9272077938642,874.5125631329236,872.0979184719829,870.0,867.9757359312881,320.0,359.43890872965255,363.8535533905933,369.1468777079743,373.37989898732235,377.9761670298556,382.39081169079634,386.80545635173695,391.2201010126777,395.63474567361834,400.049390334559,324.1721825406948,404.1711417766862,408.0,328.5363961030679,332.6581475451951,337.0727922061358,341.48743686707644,345.9020815280171,350.4479184719828,355.0242640687119,108.29646455628158
12,5,741,2340,1329,280,1212,260,1269.851551956815,270.19838056680163,6.787221220049451,0.9977326156516994,30.71596494738128,1,0.31666666666666665,0.14733570154542774,122.34659304796811,117.09824934643558,4.0,2.0921678113353197,2.0,8.575618159574868,8.234232631669062,1.431690701178425,251.39696961967,0.7976318622174381,5.110688987188041,15.408468854613602,0.018013276159763336,0.002609293907880783,2.4844823248147714,0.0317845419049263,0.0317845419049263,0.02184055122729932,0.020794154999478544,0.02069123461842537,0.014816510491073132,0.01425192691385746,0.0037640904525445286,0.0034640166768861494,0.02325093513354659,1267.3934010427492,269.8376223292038,0.0,1269.851551956815,270.19838056680163,1219.0,260.0,0.0,5,4,-0.01675471846500637,0.07362702321562872,-0.016218734358816295,0.00809458497593979,0.04839016511298194,-0.09575077696825741,0.07541603378731036,-0.19964033492241992,0.0,-0.17158491299039166,0.3431698259807833,-0.21877469364279264,0.3067737101081751,-0.3245720145482003,0.15317838766555222,6.63358257213531e-15,-6.63358257213531e-15,-0.1104476699906546,0.04494479615790238,1213.0,1264.3692388155425,1270.2928932188133,1276.0449747468306,1281.8343145750507,1287.6050252531695,1293.2656854249492,1299.1464466094067,1304.0887301627793,1310.273654403271,1316.4585786437628,1218.5449747468306,1322.2292893218814,1328.0,1224.1272077938643,1230.2207106781186,1234.887005768509,1241.025126265847,1246.7958369439657,1252.5665476220843,1258.337258300203,261.0,269.36923881554253,270.0,271.0449747468306,272.0,273.0,274.2656854249492,275.0,276.0,276.0,276.0,262.5449747468306,275.0,276.0,264.0,264.2207106781186,265.88700576850886,266.0,267.0,268.0,269.0,123.69848480983497
12,6,674,3300,1427,306,1327,273,1376.0830860534124,285.6483679525223,6.345190910864286,0.9937330450232144,29.294426998176625,1,0.20424242424242425,0.15759967100245828,108.828481942792,101.6366075781753,4.123105625617661,2.0615637410634937,2.0,15.1405401177164,12.16478288400964,1.2690067480605036,231.8233764908628,0.5448666127728375,4.785656551830471,15.17004662565887,0.019485771656036377,0.0029297322034835815,2.9207272496517476,0.03291371092200279,0.03291371092200279,0.023691369068467676,0.02250748757516153,0.022858014330267906,0.01504539605230093,0.014068818651139736,0.0047778934677472126,0.003988279153118817,0.025200274772942066,1378.8185107451347,286.6721352223518,0.0,1376.0830860534124,285.6483679525223,1388.0,285.0,0.0,6,4,0.06364712727705557,0.15510296491369235,-0.08662688847831923,-0.09101580369373963,0.027492299338262693,-0.05576333650128218,1.6431300764452317e-14,-0.19004079378313676,0.0,-0.280662727940892,-0.7789733779744381,-0.12706385679819832,0.1904283299438867,-0.09518474097228191,0.0,0.0,0.0,0.15494773877516899,-0.31005070368886134,1425.0,1382.2512932957027,1377.1568542494924,1372.3725396744417,1367.4159379566433,1362.2755573644145,1357.1911688245432,1351.992640687119,1346.7941125496955,1341.1813708498985,1335.5686291501015,1420.1525126265847,1330.5545941546018,1328.0,1415.4313708498985,1410.457537879754,1405.862741699797,1401.0784271247462,1396.2941125496955,1391.5097979746447,1386.725483399594,304.0,285.25129329570274,284.0,282.0,280.4159379566434,279.2755573644147,278.0,277.0,276.0,276.0,276.0,302.1525126265847,277.44540584539817,282.0,300.0,298.4575378797541,296.0,294.0,292.0,290.0,288.0,112.25483399593901
12,7,777,1625,1527,373,1402,360,1464.028314028314,364.4054054054054,6.946069991569101,0.9976167320834017,31.453253031430968,1,0.47815384615384615,0.14396630054315107,130.56215804765318,124.19742348374221,4.0,2.113295383882143,2.0,9.58846707369962,9.008652539872259,1.522778484624197,260.42640687119285,0.764763779527559,5.280598166398704,16.34245829563588,0.018757153302431107,0.0022735940292477608,0.9681523489873438,0.03007553145289421,0.03007553145289421,0.02129273454193026,0.021032764859248234,0.021149003878235817,0.01440451666712761,0.013992522843182087,0.0032776797277898687,0.0030331719005042977,0.023311970755457878,1464.9862091490963,364.545961118314,0.0,1464.028314028314,364.4054054054054,1515.0,367.0,0.0,7,6,0.23569478889379714,-0.08264513945195669,0.0,0.0,0.08723950537215547,0.0014725917095241292,0.0924964182543759,0.021837715981959827,0.07818668759941297,-0.12348101029690867,0.02345660671552849,-0.10046017063865263,-0.16665534974670984,0.15775190862051403,0.0,0.0,0.07665579204186412,-0.07050597455060587,0.07649532196069843,1403.0,1458.529720420449,1464.2071067811867,1470.9077164466275,1477.6083261120684,1484.3089357775095,1489.5422835533725,1495.639087296526,1501.0970562748475,1507.2711417766864,1513.2556349186104,1408.3238329701444,1519.5420310216782,1525.0,1413.9405591591021,1420.6165476220845,1426.9029437251525,1433.6035533905933,1440.3041630560342,1447.004772721475,1453.498780669118,364.0,363.52972042044894,364.0,364.0,364.0,364.0,364.4577164466275,365.0,366.0,367.27114177668625,369.0,363.32383297014434,370.0,371.0,363.9405591591022,364.0,363.0,363.0,363.0,363.0,363.498780669118,134.01219330881975
12,8,591,846,1403,369,1309,360,1355.7766497461928,363.8680203045685,5.377373391010889,0.9965077064984706,27.431452220735256,1,0.6985815602836879,0.18596439698081121,97.41045823206562,93.08598175880189,4.0,2.099206284569543,2.0,8.0,8.133855442066618,-1.5504590197323942,199.84062043356596,0.7890520694259012,4.775387215428054,14.04443432111293,0.019546806812286377,0.0038757920265197754,3.7138768043551202,0.03758297115564346,0.03758297115564346,0.02540099582674497,0.023763848259074332,0.02365148440003395,0.013305867090821266,0.013305867090821266,0.006893294284104674,0.005343458982035524,0.02721828082576394,1352.064458829583,363.97991095013896,0.0,1355.7766497461928,363.8680203045685,1335.0,361.0,0.0,8,6,0.0,-0.32291026257117544,-9.908740494779522e-15,0.21049744339608947,0.0,0.0,0.0,0.0,0.0,0.0,1.0141878242846827,-0.21049744339608947,-0.1924558937058448,0.4207855078198536,-0.27102100027226117,0.031721818340773165,0.06327078221409194,-0.17396342045647256,0.23407502523495577,1310.0,1349.4505802494575,1354.3174942634932,1358.9977718272667,1363.6780493910398,1368.7725405171861,1373.8670316433324,1378.1330956447325,1383.2275867708788,1388.322077897025,1393.4165690231714,1314.6802775637732,1398.5110601493177,1401.0,1319.3605551275464,1324.4550462536927,1329.095688388986,1332.9871742564928,1337.179066489412,1340.7814157114049,1344.956939135947,363.0,364.4505802494575,365.0,364.0,363.0,363.0,363.0,363.0,363.0,363.0,363.0,364.0,363.0,367.0,365.0,365.0,364.09568838898616,365.0,364.82093351058796,364.78141571140475,365.0,101.88982252292587
12,9,698,7052,1557,564,1471,482,1513.5372492836677,522.3223495702006,6.431334879199882,0.9980458680804846,29.811427376513585,1,0.09897901304594442,0.1554887156061774,120.97702804335647,116.04309544302927,4.242640687119285,2.018986085990719,2.0,7.546769809782899,7.559317343416433,0.7986101055200275,237.51071401240463,0.875784190715182,5.1522087678313255,17.539574339985847,0.021103227511048317,0.004119936376810074,1.4060069495263174,0.03547722473740578,0.03547722473740578,0.028623382043507364,0.025128329999979725,0.02525368146598339,0.01742580346763134,0.013992522843182087,0.004824513964137989,0.005084790286539375,0.029129473492503166,1514.3982648994972,523.4338834884478,0.0,1513.5372492836677,522.3223495702006,1543.0,555.0,0.0,9,7,-1.4210854715202004e-14,4.0967229608668276e-14,-4.0967229608668276e-14,0.1489283397687513,-0.2080863665322128,0.18047069780188696,-0.21859675225223252,0.246622021782667,-0.23852038087116056,-0.008101640911506447,0.12697832082072968,7.105427357601002e-15,0.0,1.965094753586527e-14,1.4210854715202004e-14,-4.0967229608668276e-14,0.0,1.4210854715202004e-14,-1.4210854715202004e-14,1472.0,1510.1979110297757,1514.4421233664175,1518.686335703059,1522.9305480397009,1526.3774337625155,1530.7085701411374,1534.2104221786005,1538.6269163866432,1542.0613918517554,1546.4599048027283,1476.2442123366418,1550.876399010771,1555.0,1480.4884246732836,1484.7326370099254,1488.9768493465672,1493.2210616832087,1497.4652740198503,1501.709486356492,1505.953698693134,483.0,518.9941853934424,522.9935393260471,526.9928932586519,530.9922471912565,535.3774337625155,539.0,543.2104221786005,546.6269163866432,551.0,554.4599048027283,486.9993539326048,557.8763990107709,562.0,490.99870786520944,494.99806179781416,498.9974157304189,502.99676966302354,506.9961235956283,510.995477528233,514.9948314608376,116.63304889565849
12,10,760,7980,1497,497,1413,402,1453.2644736842105,449.9605263157895,6.926740989784832,0.9979126668397504,31.10726690017501,1,0.09523809523809523,0.14436803707179807,128.952108052943,124.08464852672147,4.242640687119285,2.0330736788300565,2.0,9.257664407820004,8.327460524386584,0.7001493434549644,257.20310216782974,0.8050847457627118,4.860959812998772,17.298756450414658,0.019501030445098877,0.0029602497816085815,1.0893560807754499,0.041947051882743835,0.041947051882743835,0.024800815372442712,0.022761521645282445,0.02221713587641716,0.0161287859082222,0.01417563110589981,0.004745526569003132,0.0041245524996158965,0.02540627121925354,1452.6390514188254,449.06859377311434,0.0,1453.2644736842105,449.9605263157895,1490.0,488.0,0.0,10,7,0.11675240815090915,0.0,0.0,0.0,1.6209256159527285e-14,-1.6209256159527285e-14,0.0,0.0,1.6209256159527285e-14,-1.6209256159527285e-14,-0.28344948854120466,-0.11675240815088372,0.11675240815088372,0.0,5.773159728050814e-15,-1.1546319456101628e-14,0.1249759237692244,0.017366414924880225,-0.21911605972170523,1414.0,1447.7916689070757,1452.079629271921,1456.3675896367663,1460.6555500016116,1464.9435103664568,1469.2314707313017,1473.519431096147,1477.8073914609922,1482.0953518258375,1486.3833121906823,1418.4701972521734,1490.6712725555276,1495.0,1422.2332877231602,1426.7034849753334,1430.4665754463201,1434.2296659173069,1437.9927563882936,1441.7558468592804,1444.8118305490807,403.0,445.9409746493319,450.58626504458095,455.23155543983,459.87684583507905,464.5221362303281,469.1674266255768,473.81271702082586,478.4580074160749,483.10329781132396,487.74858820657266,407.4701972521733,492.3938786018217,495.0,412.23328772316006,416.70348497533337,421.4665754463201,426.2296659173069,430.9927563882937,435.7558468592804,440.81183054908064,126.43627161012864
12,11,556,4104,1746,564,1674,507,1710.5773381294964,535.9280575539568,5.103674290446275,0.9961444969991406,26.60678836073137,1,0.1354775828460039,0.19593726854237756,92.39849957858851,89.20201791439474,4.242640687119285,2.036617883002189,2.0,8.269843582963892,8.105903507403278,-0.9474033782532868,188.83556979968262,0.8373493975903614,2.860517293214798,10.74749374948442,0.017135880887508392,0.001998933032155037,0.996680049789429,0.029266804456710815,0.029266804456710815,0.019070115288098655,0.019330024729288523,0.01901274174451828,0.013839933089911938,0.013839933089911938,0.0031403688256705065,0.0027655623710979116,0.021210040897130966,1711.3809213573775,535.3384601340875,0.0,1710.5773381294964,535.9280575539568,1681.0,553.0,0.0,11,8,0.1140546903138775,-2.9753977059954195e-14,0.005790148309671395,0.13747077040733258,-0.11990498762593971,-0.005835837439243097,0.12574082506515882,-0.1316651463374563,-0.011595772379523694,-0.16065918799574597,0.16065918799574597,0.3505246043946646,-0.08518054120695284,0.005521072619849576,0.07965946858707351,2.0872192862952943e-14,-4.1744385725905886e-14,1.1546319456101628e-14,3.907985046680551e-14,1744.0,1714.7318019484662,1711.1464466094067,1707.5610912703473,1703.9656854249492,1700.1378679656439,1696.512132034356,1692.8964466094067,1689.0686291501015,1685.4631727983647,1681.8778174593053,1742.0,1678.5853553390593,1675.0,1739.536396103068,1735.9510407640084,1732.5171572875254,1729.0732233047033,1725.487867965644,1721.9025126265847,1718.3171572875253,508.0,534.2681980515339,536.8535533905932,539.4389087296526,542.0,544.0,546.487867965644,549.0,551.0,553.5368272016354,556.1221825406948,511.8278174593052,559.4146446609407,562.0,515.4636038969321,518.0489592359914,521.0,523.9267766952967,526.512132034356,529.0974873734152,531.6828427124747,93.12489168102776
12,12,824,7006,1674,618,1561,556,1619.6371359223301,589.5424757281553,7.484730605211477,0.9973706087049743,32.390575556198044,1,0.11761347416500142,0.13360534303047844,133.41538313454168,126.58988901172162,4.123105625617661,2.0584571119162494,2.0,11.447209479132653,9.668583352279356,-1.1239693564519004,278.3919189857866,0.6710097719869706,5.041931821964681,18.127931757830083,0.017135880887508392,0.004379339516162872,5.658599124335737,0.03367666155099869,0.03503471612930298,0.021639192368947128,0.021999917181832626,0.02079804614186287,0.013839933089911938,0.012893873266875744,0.005452225299546063,0.005514675626745718,0.02713054046034813,1614.4496293885295,591.8029004695942,0.0,1619.6371359223301,589.5424757281553,1582.0,605.0,0.0,12,8,0.9252099145142947,0.029383743637124482,0.06002794248370913,-0.07655560095446212,0.1222046966271888,1.0658141036401503e-14,-1.0658141036401503e-14,-0.16778432650142117,0.12252375237526181,-0.20699326197392853,0.16528689674627772,-0.04692856141848267,0.02134025209307211,0.07403092610068907,-0.09537117819370922,0.11719305430647697,-0.11719305430649563,0.11719305430651117,3.108624468950438e-14,1672.0,1626.433663290099,1620.629310848965,1614.7524538063758,1608.7277127478842,1602.8916151063902,1596.7540889752108,1590.6165628440313,1584.479036712852,1578.7557241440456,1572.7300252258271,1671.2390381387065,1567.2185660035068,1562.0,1665.8925575027818,1660.3810982804616,1654.8156417880195,1649.0652866170074,1643.5538273946868,1637.749474953553,1632.2380157312327,557.0,588.5663367099011,591.3706891510349,594.0,596.272287252116,599.0,601.0,603.0,605.0,608.0,610.2699747741729,563.0438474451737,613.7814339964931,616.0,566.107442497218,569.6189017195385,573.0,575.9347133829926,579.446172605313,582.2505250464469,585.7619842687673,139.31906511851093
12,13,606,2604,1301,874,1273,781,1284.2590759075908,826.1320132013201,5.5271938241123335,0.9962330964196833,27.777385840094972,1,0.23271889400921658,0.1809236353604082,98.40548031980968,95.33624704172071,4.123105625617661,2.078744132756014,2.0,8.988217243098813,8.533302930645643,-0.2467592320626044,205.16042558696057,0.7963206307490145,5.91824216209352,19.03028921596706,0.02392614632844925,0.00637827068567276,4.534029441093997,0.053284503519535065,0.053284503519535065,0.03199049817347849,0.031403117518097455,0.029571983963251114,0.017044328153133392,0.016586557030677795,0.010039534101871372,0.009010375645652468,0.03691157326102257,1283.292529366445,830.5618225376805,0.0,1284.2590759075908,826.1320132013201,1273.0,869.0,0.0,13,10,-0.0623260055629864,0.09206742538585488,0.005825467537885043,-0.2771229257038683,0.1792300327801335,-1.0436096431476471e-14,0.0,0.0,5.329070518200751e-15,0.0,-5.329070518200751e-15,-0.04005423562101207,-0.062344682536337404,0.10533067211328406,-0.20322356503707795,0.09206742538585488,0.045731141740540604,-0.13779856712640082,5.329070518200751e-15,1299.0,1285.0,1284.0,1282.5983495705505,1281.1715728752538,1281.0,1280.0,1279.0,1278.0,1277.0,1276.0,1296.8661165235167,1275.0,1274.0,1295.0,1293.3054563517371,1291.8786796564402,1290.0,1289.0,1287.5983495705505,1286.0,782.0,821.360912703474,825.9644660940672,830.4016504294495,834.8284271247462,839.7751262658471,844.3786796564402,848.9822330470336,853.5857864376269,858.1893398282202,862.7928932188134,786.1338834764832,867.3964466094067,872.0,790.3786796564403,794.6945436482631,799.1213203435597,803.360912703474,807.9644660940672,812.4016504294495,816.7573593128807,100.35533905932733
12,14,907,9144,1371,780,1299,653,1331.2083792723263,714.4454244762954,8.444181208468233,0.9974170109025173,33.982764264767994,1,0.0991907261592301,0.11842474424840051,148.97039706996057,143.65583872575453,4.242640687119285,2.0422927739732653,2.0,11.625317988501763,10.700292115451946,-0.5230071172494162,310.2325394193526,0.7020123839009288,6.583962822332978,25.00296038389206,0.02066071517765522,0.006385901011526585,6.654667618603373,0.046799421310424805,0.046799421310424805,0.026126836596559438,0.027566659739682534,0.02604715060442686,0.01440451666712761,0.01416037231683731,0.008146877117950193,0.008024100121480866,0.03458075970411301,1334.7845052486502,708.833301516528,0.0,1331.2083792723263,714.4454244762954,1306.0,769.0,0.0,14,10,0.0712736213943268,-0.1300166670290106,-0.017006456928237768,0.10393108745239754,-0.17194909047164053,0.031051769389418782,0.03696623362983131,0.0,-0.01767357288671656,-0.11817050655714678,0.13584407944386334,-0.0353215887062035,0.07055601758266272,8.881784197001252e-15,0.10530818006684317,-0.003068270956404273,-0.10223990911044778,2.6645352591003757e-14,-5.284661597215745e-14,1369.0,1333.082664145601,1329.110912703474,1326.0,1323.0,1319.316978720652,1316.7594408408977,1314.0,1311.0,1308.0,1305.115075759508,1365.7353553390594,1303.0,1300.0,1362.0,1358.4989592359916,1354.5272077938644,1350.5554563517371,1345.7050252531694,1341.0261670298557,1337.0544155877285,654.0,707.9173358543989,713.8890872965261,720.2174098192196,726.5916738879316,732.683021279348,739.2405591591022,745.7144660940673,752.0887301627793,758.4629942314912,764.8849242404918,660.2646446609407,771.6257359312881,778.0,666.3343145750507,672.5010407640086,678.4727922061359,684.444543648263,690.2949747468306,695.9738329701444,701.9455844122716,152.33809511662426
12,15,777,7676,1207,863,1131,762,1167.9111969111968,810.5289575289576,7.1320271488959905,0.9982394451355273,31.453253031430968,1,0.10122459614382491,0.14021259021073637,130.54146156625436,124.4025723206719,4.242640687119285,2.0387584456178582,2.0,7.8685341735590475,7.742781727296489,-0.6514373005697701,263.889393668845,0.8652561247216035,7.077729482203722,25.187014660798013,0.023823147639632225,0.00705729890614748,1.5429393556008386,0.05415426939725876,0.05415426939725876,0.03486566247390996,0.03241572028416733,0.03018234483897686,0.0161135271191597,0.015442130155861378,0.01077757884375138,0.010354550957909228,0.03931105509400368,1166.8816192143956,811.6781449032841,0.0,1167.9111969111968,810.5289575289576,1183.0,785.0,0.0,15,12,3.952393967665557e-14,0.0,2.886579864025407e-14,0.0,-1.7763568394002505e-14,-1.1102230246251565e-14,1.1102230246251565e-14,1.7763568394002505e-14,-0.0742257750620019,0.028991375660718077,-0.0667743287498137,-2.842170943040401e-14,1.7763568394002505e-14,-2.886579864025407e-14,0.0,3.952393967665557e-14,-5.062616992290714e-14,6.17284001691587e-14,-5.062616992290714e-14,1207.0,1172.5095845061646,1168.6773161179608,1164.845047729757,1161.012779341553,1157.1805109533489,1153.348242565145,1149.5159741769412,1145.6837057887374,1141.8514374005333,1138.5108747071117,1203.1677316117962,1135.0367380685082,1132.0,1199.3354632235921,1195.5031948353883,1191.6709264471842,1187.8386580589804,1184.0063896707766,1180.1741212825725,1176.3418528943687,761.0,805.9420565525731,810.935618391748,815.9291802309228,820.9227420700977,825.9163039092725,830.9098657484473,835.9034275876221,840.8969894267968,845.8905512659717,850.9855003905179,765.9935618391748,855.9632619314918,861.0,770.9871236783496,775.9806855175243,780.9742473566992,785.967809195874,790.9613710350488,795.9549328742236,800.9484947133985,125.89192323717977
12,16,704,6675,1282,761,1207,672,1243.455965909091,716.2088068181819,6.508408226617358,0.9979678611727236,29.93928254807644,1,0.10546816479400749,0.1536473996683724,119.44873489741254,113.70136322841516,4.242640687119285,2.026209108752522,2.0,8.268729242702573,7.611188718002866,-0.6936137076005453,239.9543648263006,0.8543689320388349,7.200091592036188,27.239780330099165,0.03004501387476921,0.007370106875896454,0.2987846920651494,0.05194171145558357,0.05243000015616417,0.03891941401100642,0.038692869787072676,0.04170290753245354,0.01492332387715578,0.01492332387715578,0.011078780232391092,0.01012980875702352,0.0480048842728138,1243.2638873927192,715.9799441175055,0.0,1243.455965909091,716.2088068181819,1218.0,747.0,0.0,16,12,-0.26768777988236314,-7.549516567451064e-15,2.531308496145357e-14,-4.3076653355456074e-14,2.531308496145357e-14,5.329070518200751e-15,0.0,0.0,-5.329070518200751e-15,-2.531308496145357e-14,3.064215547965432e-14,0.18473306543858659,-0.006461392303839464,4.796163466380676e-14,-4.796163466380676e-14,-1.2878587085651816e-14,4.3076653355456074e-14,-1.2434497875801753e-14,-5.329070518200751e-15,1280.0,1247.496079292832,1243.8146175389384,1240.1331557850444,1236.4516940311505,1232.7702322772568,1229.088770523363,1225.4073087694692,1221.7258470155753,1218.0443852616813,1214.3629235077876,1275.9397495158069,1210.681461753894,1207.0,1273.293712593987,1269.5848498161952,1265.9033880623015,1262.2219263084073,1258.5404645545136,1254.85900280062,1251.177541046726,673.0,712.5274202403979,716.9340184003615,721.3406165603255,725.7472147202893,730.1538128802532,734.5604110402169,738.9670092001808,743.3736073601447,747.7802055201086,752.1868036800722,677.060250484193,756.5934018400361,761.0,681.706287406013,686.0878312806149,690.4944294405786,694.9010276005425,699.3076257605063,703.7142239204702,708.120822080434,114.84122602755457
12,17,181,4526,269,766,196,704,225.22099447513813,730.232044198895,5.785211693530948,0.9994369576910469,15.180789096653193,1,0.03999116217410517,0.17285452166222456,100.08608120750293,93.72299611087985,2.0,1.1264212762094397,1.0,3.735753273914808,3.3581342798420324,0.8749049675665928,114.71067811865476,0.5246376811594203,2.287205332890153,3.147295364178717,0.0161135271191597,0.0009765774011611938,0.28649069421672174,0.023392081260681152,0.023392081260681152,0.0175938871760781,0.017388372177782968,0.017082475125789642,0.013885710388422012,0.013885710388422012,0.001983913893802552,0.0019843241042118726,0.018158236052840948,225.46972233433056,730.3742108965929,0.0,225.22099447513813,730.232044198895,268.0,764.0,0.0,17,13,-0.030683531120738405,-3.3306690738754696e-15,-1.354472090042691e-14,3.0309088572266774e-14,-2.6978419498391304e-14,1.687538997430238e-14,-9.992007221626409e-15,1.6764367671839864e-14,-2.0317081350640365e-14,1.021405182655144e-14,-6.661338147750939e-15,-2.020605904817785e-14,4.030109579389318e-14,-4.363176486776865e-14,2.6867397195928788e-14,-6.661338147750939e-15,0.0,3.3306690738754696e-15,0.0,197.0,234.2904570510368,238.4458700463971,242.6012830417574,246.75669603711768,250.91210903247799,255.06752202783824,259.2229350231985,263.3783480185588,267.53376101391916,271.6891740092794,201.0471530881545,275.84458700463966,280.0,205.20256608351477,209.35797907887508,213.51339207423533,217.66880506959566,221.82421806495591,225.97963106031622,230.13504405567653,705.0,734.7668257111877,738.0607506465343,741.3546755818809,744.6486005172274,747.942525452574,751.2364503879205,754.5303753232671,757.8243002586137,761.1182251939604,764.4121501293068,708.4154262284152,767.7060750646534,771.0,711.7093511637618,715.0032760991082,718.2972010344549,721.5911259698014,724.885050905148,728.1789758404946,731.4729007758411,106.05168295073321
12,18,558,6075,338,833,263,752,302.78494623655916,799.7222222222222,5.235311533269826,0.9961727357934504,26.654599339742866,1,0.09185185185185185,0.19101060054308336,95.33170731822102,108.30050784737807,4.242640687119285,2.0191090081434524,2.0,8.408409924953906,8.332602270064323,0.7394715232398464,191.5990257669732,0.6846625766871166,3.603814762085676,12.41841769311577,0.01917296089231968,0.0029755085706710815,1.61413190292166,0.02999923750758171,0.02999923750758171,0.02386632292771971,0.022255228840709268,0.021820401772856712,0.016250858083367348,0.014908064156770706,0.004109377897907323,0.0036475510856579085,0.025421530939638615,304.0320480413033,800.7469948255998,0.0,302.78494623655916,799.7222222222222,303.0,795.0,0.0,18,13,-3.2307490016592055e-14,-7.66053886991358e-15,-5.662137425588298e-15,1.8984813721090177e-14,-1.8984813721090177e-14,-1.9984014443252818e-15,1.532107773982716e-14,-0.14997156506557985,-0.060897186006269366,-0.08093607251492829,0.040817398914932634,3.2307490016592055e-14,-5.662137425588298e-15,-1.532107773982716e-14,1.532107773982716e-14,-1.3322676295501878e-14,1.8984813721090177e-14,-2.6645352591003757e-14,2.098321516541546e-14,260.0,293.1091853102589,296.7879836780654,300.466782045872,304.1455804136785,307.82437878148505,311.50317714929156,315.1819755170982,318.8607738849047,322.9292006680689,327.2023271352542,263.67879836780656,331.6430668893563,336.0,267.3575967356131,271.03639510341964,274.71519347122614,278.39399183903276,282.0727902068393,285.7515885746458,289.43038694245234,751.0,788.9941470773463,793.2157189748292,797.4372908723121,801.658862769795,805.880434667278,810.1020065647608,814.3235784622437,818.5451503597267,822.0,825.2023271352542,755.221571897483,828.0,831.0,759.4431437949657,763.6647156924488,767.8862875899317,772.1078594874147,776.3294313848976,780.5510032823804,784.7725751798635,111.99147595525939
12,19,302,5576,266,755,184,687,212.23841059602648,711.1192052980133,6.506397281189862,0.9985884907798503,19.60913925979463,1,0.05416068866571019,0.15369488778237106,96.25386442841842,104.48444860360799,3.605551275463989,1.4613875549718371,1.4142135623730951,6.714673554187125,5.112363499240973,0.8926857552088967,157.1370849898476,0.6163265306122448,3.1480583008378744,6.474204650148749,0.020325017161667347,0.0009918361902236938,0.12222568179575517,0.027710383757948875,0.027710383757948875,0.021562043156423797,0.021437763742214403,0.02195773273706436,0.014694438315927982,0.014694438315927982,0.0026020894413680616,0.002262594434246186,0.022644389420747757,212.35836830989504,711.142641683696,0.0,212.23841059602648,711.1192052980133,265.0,754.0,0.0,19,13,-0.28369568884955265,-2.886579864025407e-15,2.886579864025407e-15,-2.020605904817785e-14,1.7319479184152442e-14,1.354472090042691e-14,-2.708944180085382e-14,1.354472090042691e-14,0.0,-5.773159728050814e-15,1.1546319456101628e-14,-0.009751845137553894,0.3800147426010124,-0.2830018180554681,-1.554312234475219e-14,1.554312234475219e-14,-1.554312234475219e-14,1.9984014443252818e-15,8.659739592076221e-15,185.0,226.47548641376335,231.34135128523937,236.20721615671542,241.07308102819144,245.93894589966766,250.8048107711437,255.67067564261976,260.5365405140958,265.40240538557185,270.2682702570479,188.80858884806085,275.134135128524,280.0,193.82962770449805,198.8902326382498,202.14616205638305,207.01202692785915,211.87789179933515,216.74375667081125,221.60962154228724,688.0,725.5041634516988,729.6401485924534,733.7761337332081,737.9121188739628,742.0481040147174,746.1840891554721,750.3200742962268,754.4560594369814,758.592044577736,762.7280297184907,692.8085888480608,766.8640148592453,771.0,696.3722207783735,699.8902326382498,704.8242377479255,708.9602228886803,713.0962080294348,717.2321931701896,721.3681783109441,127.72316004861136
12,20,727,2850,966,810,852,785,908.6011004126548,798.5735900962861,6.707232464639574,0.9975958194853846,30.424416987387996,1,0.25508771929824564,0.14909278980145454,119.00566150909745,115.12167476196652,4.123105625617661,2.0869749389856054,2.0,8.506122409648462,8.247170430260363,-1.373172951648965,247.53910524340094,0.8270762229806599,7.106889475136995,23.80637837294489,0.02513923868536949,0.008224613964557648,6.031093214235407,0.04878309369087219,0.05038528889417648,0.031446413606800866,0.03274605003156106,0.0319676510989666,0.015365835279226303,0.015365835279226303,0.009134200987665665,0.009384141956434559,0.04212252888828516,902.6602605213424,799.6130643598384,0.0,908.6011004126548,798.5735900962861,890.0,801.0,0.0,20,15,-0.02004105972023984,0.04072490576811383,0.15613214480951587,-0.05721045013198456,-0.055631162355390895,0.0,0.0,3.552713678800501e-15,-3.552713678800501e-15,0.13201696623611703,-0.08458676919036368,0.0399752480563893,-0.060107824982856606,0.07992029029879077,-0.0397466536521085,0.025112803264330186,-0.05039544093934367,0.15672827281104063,-0.13144563513602714,964.0,914.6797204204489,909.2322330470337,903.6955844122715,898.337258300203,892.8441125496954,887.2112698372208,881.5784271247462,875.9455844122716,870.3127416997969,864.6798989873223,958.5525126265846,858.7403805922287,853.0,953.1485281374239,947.6575378797542,942.2970562748478,936.7625631329236,931.3150757595083,925.812741699797,920.4201010126776,786.0,798.3202795795511,799.7677669529664,801.0,801.3372583002031,802.0,803.0,804.0,805.0,806.0,807.0,787.4474873734152,807.2596194077712,808.0,789.0,790.3424621202458,792.0,793.2374368670764,794.6849242404918,796.0,797.5798989873224,120.94112549695424
12,21,752,4520,1080,786,967,746,1022.4148936170212,764.4481382978723,7.041993045127301,0.9976554800355304,30.943111311580196,1,0.1663716814159292,0.14200525243232795,121.89321280924163,117.95338062132852,4.123105625617661,2.0637049498313185,2.0,8.612838489989173,8.341934726390752,-1.2247821633626501,257.9655121145938,0.8173913043478261,6.988708375021815,22.604425247758627,0.023117417469620705,0.005828946828842163,4.844834826742019,0.05270466208457947,0.05270466208457947,0.031199590959918817,0.0300590761273386,0.028122376650571823,0.01771572418510914,0.015136949717998505,0.009055540945063298,0.00874257717089885,0.035584039986133575,1026.990448805067,762.8554301577664,0.0,1022.4148936170212,764.4481382978723,1076.0,749.0,0.0,21,15,0.03765432279383418,0.0,0.13170405497027726,-0.13170405497027726,-0.0054737763783587745,0.06333793320909997,0.021846003367459232,-0.04373052039325476,0.06007729908103876,-0.07650339620629154,0.22150161161162885,-0.07563629085700496,0.03798196806315213,0.12786580775849954,-0.2595698627287262,0.1317040549702453,-0.03331312096153871,-0.06475945407026718,-0.033631479938447395,1078.0,1027.8702795795512,1022.5606601717799,1017.2510407640086,1011.6485281374238,1006.3389087296525,1001.0414213562374,995.6035533905933,990.1171572875254,984.7278174593052,979.2050252531694,1072.3974873734153,973.852081528017,968.0,1066.7100505063388,1061.1924621202459,1055.5899494936612,1049.694543648263,1044.3849242404917,1038.782411613907,1033.2544155877283,747.0,762.129720420449,764.4393398282202,766.7489592359915,768.3514718625761,770.6610912703474,773.0,775.0,776.8828427124746,779.0,780.7949747468306,748.6025126265847,783.0,784.0,750.0,751.807537879754,753.4100505063388,754.305456351737,756.6150757595083,758.217588386093,760.0,125.32590180780444
12,22,638,5292,1863,851,1800,767,1829.6332288401254,807.8636363636364,5.9415719814943815,0.9972949368376028,28.501347854812654,1,0.12055933484504913,0.16830562738524413,106.75984045196476,102.41581909060729,4.242640687119285,2.031590736898301,2.0,8.4,7.84725421017264,-0.6399282631563047,218.25588001646557,0.8137755102040817,4.0463874423876405,13.751537412405014,0.016495002433657646,0.00486762635409832,3.325799840902162,0.0313572883605957,0.0320134274661541,0.023525508385974656,0.021554133875242968,0.02214084006845951,0.013290608301758766,0.013214313425123692,0.005577507376642058,0.005079824166762981,0.026024261489510536,1831.4766807231774,805.0954908225535,0.0,1829.6332288401254,807.8636363636364,1801.0,848.0,0.0,22,17,-0.06938269007745834,-1.3322676295501878e-14,1.3322676295501878e-14,-1.3322676295501878e-14,1.3322676295501878e-14,7.993605777301127e-15,-4.263256414560601e-14,3.4638958368304884e-14,-1.3322676295501878e-14,1.3322676295501878e-14,-0.3399637407488123,-0.0009841252494044994,-0.22715366958174155,0.1543504341356723,0.0,-0.10530321764696815,0.05804296494487593,0.07055003889880496,-0.00881623670179943,1861.0,1834.04443790984,1830.8709991456703,1827.6975603815006,1824.5241216173308,1821.350682853161,1818.1772440889913,1815.0038053248213,1811.8303665606518,1808.656927796482,1805.4834890323123,1857.3244370538036,1802.3100502681425,1801.0,1854.0,1850.680417942598,1848.4190685587746,1845.450612393765,1842.4821562287552,1840.0,1837.2523506799225,768.0,803.834242711559,807.9511362434548,812.0680297753507,816.1849233072465,820.3018168391425,824.4187103710383,828.5356039029343,832.6524974348301,836.769390966726,840.8862844986219,771.6755629461962,845.0031780305177,849.0,775.4965669991218,779.3195820574022,783.5809314412253,787.549387606235,791.5178437712447,795.687731965232,799.7476493200775,103.96061935733441
12,23,960,11931,1811,920,1688,823,1750.234375,872.3072916666666,8.543725135586971,0.9988101938192139,34.961549778946534,1,0.08046266029670605,0.11704496389223995,161.97761397685227,154.01298646542764,4.242640687119285,2.0433422479312426,2.0,8.121035618207516,7.899123163663837,-0.8940044985636606,321.04372260139564,0.8212147134302823,7.056031160987914,28.005371280945837,0.02862592600286007,0.0012817569077014923,1.4460266314371044,0.03520256280899048,0.03520256280899048,0.028566927777279004,0.029172261750985248,0.03025864064693451,0.014068818651139736,0.014068818651139736,0.004004536286984485,0.0035154957977986314,0.0313572883605957,1751.3045165761155,871.3347743013233,0.0,1750.234375,872.3072916666666,1734.0,883.0,0.0,23,17,0.28262641884367046,1.8207657603852567e-14,0.0,-2.930988785010413e-14,1.8207657603852567e-14,-7.105427357601002e-15,1.8207657603852567e-14,-1.8207657603852567e-14,0.19960650194461405,-0.007559834746526217,-2.930988785010413e-14,1.8207657603852567e-14,-1.8207657603852567e-14,7.105427357601002e-15,-7.105427357601002e-15,7.105427357601002e-15,1.1102230246251565e-14,0.0,-1.8207657603852567e-14,1809.0,1757.4320341936586,1751.3078242166537,1745.1836142396485,1739.0594042626433,1732.9351942856383,1726.8109843086331,1720.6867743316282,1714.562564354623,1708.438354377618,1701.9333148856635,1806.4257140096995,1695.4666574428315,1689.0,1800.3015040326945,1794.1772940556893,1788.0530840786844,1781.9288741016792,1775.8046641246742,1769.680454147669,1763.5562441706638,824.0,867.686496385754,872.6809977262242,877.6754990666943,882.6700004071645,887.6645017476347,892.659003088105,897.6535044285752,902.6480057690453,907.6425071095155,911.0666851143365,827.7304856619926,914.5333425571682,918.0,832.7249870024627,837.7194883429329,842.713989683403,847.7084910238733,852.7029923643435,857.6974937048137,862.6919950452839,158.051879435086
12,24,949,2601,1853,1023,1836,870,1842.5479452054794,945.4847207586934,8.706497060633609,0.9970810200402612,34.76067214473376,1,0.36485966935793923,0.11485675502280887,158.41867531416375,152.0526224699857,4.0,2.0926241089814406,2.0,13.069365380795421,12.095387215877347,-0.04179663800237428,322.2253967444162,0.5825659914057704,5.732631456106901,18.771892985329032,0.016937514767050743,0.0028686970472335815,2.122946520332246,0.029571983963251114,0.029571983963251114,0.018857340316141124,0.019780709152085386,0.019577324390411377,0.013122758828103542,0.012771801091730595,0.003501465573991698,0.0035748543858121597,0.022613869979977608,1842.444156148758,947.6051286816873,0.0,1842.5479452054794,945.4847207586934,1837.0,957.0,0.0,24,18,0.14791453512801112,0.048988241400480304,-0.09390629562251962,0.1272382150210305,-0.254476430042061,0.1272382150210305,-0.14212966617497425,0.014891451153945523,0.004521813597802682,-0.14115879128368847,0.13663697768588223,0.09430578395309808,0.021654873625805537,-0.13663697768588423,0.0,0.0,-0.1272382150210305,0.13861234116707988,-0.09369428694504056,1850.0,1841.026608837281,1840.7255049266778,1840.0,1840.0,1839.0,1840.0,1840.0,1841.0,1842.0,1843.0,1850.0,1845.0,1846.0,1848.8448485083254,1847.0,1845.0,1844.0,1843.0,1842.0,1842.0,871.0,938.026608837281,944.7255049266778,952.4286207975638,959.8312226882514,967.6480381413121,975.4648535943728,982.8674554850604,989.8558438133748,997.6726592664356,1005.7805826562518,878.4026018906877,1013.1831845469394,1021.0,886.1551514916744,893.6220192344359,901.0246211251235,908.8414365781842,916.658252031245,924.4750674843057,931.0492422502471,164.62058030867598
12,25,852,10176,1053,962,947,866,1000.0387323943662,912.1056338028169,7.864747431737079,0.9986681798642686,32.9363035587535,1,0.08372641509433962,0.12714966484042972,146.88847330001988,140.2640367307315,4.242640687119285,2.028244881541423,2.118033988749895,7.862977495474575,7.578458111000499,0.8382786975179927,290.1797615707168,0.8361138370951914,10.059617036953568,42.934111662209034,0.05127031356096268,0.0012512393295764923,1.1594678391035114,0.05668726563453674,0.05668726563453674,0.046357682197942715,0.05039214983827352,0.052964065223932266,0.020096132531762123,0.020096132531762123,0.01035486205560985,0.007228287670495166,0.05403219535946846,1000.8119499461336,912.9696362840368,0.0,1000.0387323943662,912.1056338028169,1048.0,958.0,0.0,25,19,0.24134949865331545,0.0,1.1879386363489175e-14,-1.1879386363489175e-14,-9.547918011776346e-15,9.547918011776346e-15,2.1538326677728037e-14,-3.108624468950438e-14,9.547918011776346e-15,0.0,0.24732014630002142,0.0,1.2212453270876722e-15,-1.2212453270876722e-15,1.2212453270876722e-15,9.547918011776346e-15,-2.1538326677728037e-14,2.2648549702353193e-14,-1.1879386363489175e-14,948.0,995.2450344873139,1000.5,1005.7549655126861,1011.0099310253722,1016.2648965380583,1021.5198620507447,1026.7748275634308,1032.0297930761167,1037.284758588803,1042.5397241014891,953.2053103858248,1047.7946896141752,1051.0,958.4602758985109,963.715241411197,968.9702069238832,974.2251724365693,979.4801379492555,984.7351034619415,989.9900689746278,867.0,907.7552253137883,912.5,917.2447746862117,921.9895493724235,926.7343240586353,931.4790987448471,936.2238734310588,940.9686481172705,945.7134228034823,950.458197489694,869.7970278240942,955.2029721759058,960.0,874.541802510306,879.2865771965177,884.0313518827295,888.7761265689412,893.520901255153,898.2656759413647,903.0104506275765,141.60162338396626
12,26,618,2058,1928,1072,1907,974,1917.2686084142395,1022.4255663430421,5.754388451130129,0.9970089521093398,28.05106127486678,1,0.30029154518950435,0.17378041272198191,101.6448333986388,98.47842403288143,4.0,2.0826111772044538,2.0,7.624818396517304,7.855738124858973,0.18508128199430604,211.39696961967,0.8408163265306122,4.194552546367049,12.801602254621685,0.018463416025042534,0.002105744555592537,1.101619289615515,0.027954528108239174,0.027954528108239174,0.021621404878180667,0.02071456675505127,0.020965896546840668,0.01493858266621828,0.013946746475994587,0.003225578227017205,0.002825614823551885,0.022842755541205406,1917.396740940617,1023.519708525273,0.0,1917.2686084142395,1022.4255663430421,1920.0,1018.0,0.0,26,21,-0.05746761628514108,4.6629367034256575e-15,-0.14316842869131663,0.171745376002159,0.08024475952464294,-0.06366488249234536,-0.11868932937445198,0.0735325050313167,0.005879830398431984,0.1937950227644547,-0.19967485316289602,0.23378261739540362,-0.20489194842106428,0.0,0.05699028541550821,0.03525912993599345,-0.07354254029648266,-0.018706875055019,0.0,1909.0,1916.0,1917.0,1918.0,1919.648528137424,1920.5156854249492,1921.0,1921.664213562373,1923.0,1924.0,1924.9727922061356,1909.8671572875255,1925.0,1926.0,1911.0,1911.0,1912.0,1913.0,1913.6171572875255,1914.1014718625763,1915.0,975.0,1017.4807611844575,1022.2928932188134,1027.1050252531695,1031.648528137424,1036.5156854249492,1041.5414213562374,1045.664213562373,1050.3372583002028,1055.149390334559,1059.9727922061359,979.8671572875253,1065.187867965644,1070.0,984.6242640687119,989.850609665441,994.6627416997969,999.4748737341529,1003.6171572875254,1007.8985281374239,1012.6686291501015,104.52691193458115
12,27,686,4900,1910,973,1860,875,1886.0597667638483,922.5524781341107,6.461246562974349,0.995436173663376,29.554057719513263,1,0.14,0.15476889641240735,111.8439077187604,107.78682665335315,4.242640687119285,2.0462368589256723,2.0,11.887283633998221,10.673228521335064,0.5023066908145827,236.0071426749364,0.6880641925777332,4.513237218372524,14.94308390468359,0.018852521665394306,0.0028381794691085815,3.019911068115665,0.0323186069726944,0.0323186069726944,0.023144806248064226,0.02178292114385363,0.02201876789331436,0.013260089792311192,0.012909132987260818,0.004663885354735975,0.003961387741655825,0.024536507204174995,1884.4650131146584,919.9879852685089,0.0,1886.0597667638483,922.5524781341107,1873.0,895.0,0.0,27,21,-0.021811087482952685,0.20932122972710154,-0.07577577711019479,0.18104818239428133,-7.771561172376096e-15,-3.197442310920451e-14,0.12696520178104542,0.03122719952676012,-0.1581924013077658,0.010900489905211419,-0.02180521298603222,0.04360524829761436,-0.16513552266486498,0.029457892642877015,-0.1954074107021938,0.3092908799095201,-0.4105042850158911,0.034312717455839525,0.06159793254890322,1861.0,1885.0,1888.5355339059329,1891.0,1893.8426406871195,1895.789087296526,1897.7355339059327,1899.6819805153395,1901.0,1902.16066017178,1904.1071067811865,1862.9464466094068,1906.0,1908.0,1865.0,1866.83933982822,1869.4928932188134,1872.0,1875.5071067811864,1877.4535533905932,1881.5213203435596,876.0,917.2473088065419,921.5355339059327,926.2674098192196,930.8426406871193,935.7890872965261,940.7355339059327,945.6819805153394,950.8887301627792,956.1606601717798,961.1071067811865,880.9464466094067,966.0757359312881,971.0,885.848528137424,890.8393398282202,895.4928932188134,900.2071067811864,904.5071067811865,909.4535533905932,913.5213203435596,115.05382386916229
12,28,788,9968,1026,1006,937,894,979.8071065989848,945.4213197969543,8.412182479646537,0.9984831252281811,31.675112647807715,1,0.0790529695024077,0.11887521489453211,143.66031070444595,140.41723540933285,4.242640687119285,1.966546530195261,2.0,8.194881877016785,7.909734540050196,0.6473801854270846,288.6173157302028,0.7462121212121212,8.490714913234115,26.658594723790884,0.02548256702721119,0.007598992437124252,3.147464443591731,0.054947737604379654,0.05523765832185745,0.036756341615732095,0.03383070396420163,0.032532233744859695,0.016601815819740295,0.016601815819740295,0.010219045348849619,0.009762154371549698,0.04100099205970764,977.9556715088269,942.8759867086128,0.0,979.8071065989848,945.4213197969543,981.0,942.0,0.0,28,23,0.10202209901440618,3.219646771412954e-15,-6.439293542825908e-15,6.439293542825908e-15,1.965094753586527e-14,-1.965094753586527e-14,-6.439293542825908e-15,6.439293542825908e-15,-1.2989609388114332e-14,1.2989609388114332e-14,6.5503158452884236e-15,0.035223645435276674,0.10667340916888401,3.219646771412954e-15,-3.219646771412954e-15,3.219646771412954e-15,6.5503158452884236e-15,-6.5503158452884236e-15,-3.219646771412954e-15,938.0,978.0830952441687,982.2573593128807,986.4316233815925,990.6058874503046,994.7801515190165,998.9544155877284,1003.1286796564402,1007.3029437251523,1011.4772077938642,1015.6514718625762,943.3838834764831,1019.825735931288,1024.0,948.3033008588991,953.0375108318972,957.2117749006092,961.386038969321,965.560303038033,969.7345671067449,973.9088311754568,895.0,942.7774603255583,948.3431457505076,953.9088311754567,959.4745166004061,965.0402020253553,970.6058874503046,976.1715728752538,981.7372583002032,987.3029437251523,992.8686291501015,899.3838834764831,998.4343145750506,1004.0,904.3033008588991,909.383347775863,914.9490332008122,920.5147186257614,926.0804040507106,931.6460894756598,937.2117749006092,139.14213562373095
12,29,689,5311,1104,1019,991,972,1050.3309143686502,998.8867924528302,7.0228061027993025,0.9971035251777662,29.618609797263055,1,0.12973074750517793,0.14239322364338072,115.0947084757767,119.97082978791136,4.123105625617661,2.047659916544833,2.0,9.466721899866489,8.753677152939114,1.1605049488417503,246.58683245815342,0.695959595959596,10.147066479548812,34.11514465138316,0.04894712660461664,0.0019378960132598877,1.626664624064999,0.05757229030132294,0.05757229030132294,0.047863521129947226,0.0495139980426461,0.05352864786982536,0.01754787564277649,0.01754787564277649,0.009560630651622787,0.008864508692249539,0.054856184870004654,1051.8385690250152,999.4975421858021,0.0,1050.3309143686502,998.8867924528302,1064.0,1009.0,0.0,29,23,-1.559863349598345e-14,3.2751579226442118e-15,3.1252778143198157e-14,-1.5654144647214707e-14,0.0,0.0,0.0,0.0,-0.3895492069394937,0.08903658134373693,-0.12452756727689807,7.771561172376096e-15,7.827072323607354e-15,-1.7263968032921184e-14,2.6700863742235015e-14,-1.7263968032921184e-14,-1.7208456881689926e-14,3.447242491461111e-14,-3.6137759451548845e-14,992.0,1041.2390215398784,1046.710023933198,1052.1810263265181,1057.6520287198377,1063.1230311131576,1068.5940335064774,1074.0650358997973,1079.5360382931171,1085.007040686437,1090.285334215179,997.4710023933197,1095.9946549772712,1102.0,1002.9420047866397,1008.4130071799595,1013.8840095732793,1019.355011966599,1024.8260143599189,1030.2970167532387,1035.7680191465586,973.0,995.2871360654187,997.7634845171317,1000.2398329688449,1002.7161814205581,1005.1925298722713,1007.6688783239845,1010.1452267756977,1012.6215752274109,1015.097923679124,1015.2853342151792,975.4763484517132,1016.0,1016.0,977.9526969034264,980.4290453551396,982.9053938068528,985.3817422585659,987.8580907102792,990.3344391619923,992.8107876137054,120.10690045457586
12,30,947,13110,273,1026,135,931,207.2323125659979,973.8331573389652,9.49090913867737,0.998891223268696,34.72402408800281,1,0.07223493516399696,0.10536398414402665,163.47003324634866,165.0242406436097,4.242640687119285,1.978642741036466,2.0,7.968939703624316,7.69581790631499,-0.9698549610317247,336.07315985291854,0.7937971500419112,5.732860341668129,19.40666831471026,0.01882963255047798,0.0014953836798667908,2.773064580194665,0.028244448825716972,0.028244448825716972,0.020771233121985973,0.020492785971182956,0.02034027688205242,0.016205081716179848,0.0158999003469944,0.0025654105900025695,0.002273446535947048,0.021805142983794212,209.53700772770242,972.2909941253117,0.0,207.2323125659979,973.8331573389652,266.0,933.0,0.0,30,24,-7.549516567451064e-15,8.881784197001252e-15,-3.9968028886505635e-15,7.993605777301127e-15,-7.993605777301127e-15,-7.105427357601002e-15,7.105427357601002e-15,-7.105427357601002e-15,9.325873406851315e-15,3.9968028886505635e-15,0.07096797744442362,0.018129651886764186,-0.0893711128393524,0.003857267438871048,3.9968028886505635e-15,-3.9968028886505635e-15,-4.884981308350689e-15,4.884981308350689e-15,-4.884981308350689e-15,271.0,210.57355117716696,203.8106322799281,197.04771338268924,190.28479448544996,183.52187558821106,176.7589566909718,169.99603779373294,163.23311889649366,156.47019999925482,149.70728110201551,264.394849968647,142.94436220477664,136.0,257.78969993729413,251.13049648995832,244.3881456633625,237.62522676612323,230.8623078688844,224.0993889716451,217.33647007440624,932.0,972.3694377704091,977.1153457684716,981.8612537665339,986.6071617645965,991.3530697626588,996.0989777607215,1000.8448857587839,1005.5907937568466,1010.336701754909,1015.0826097529716,936.0,1019.8285177510339,1024.0,940.0,943.8695035100417,948.6398977800965,953.3858057781591,958.1317137762214,962.8776217742841,967.6235297723465,165.2400856169066
12,31,365,2736,178,1049,121,1001,145.17534246575343,1024.7260273972602,5.050950382709114,0.9949333282419247,21.557653718072718,1,0.133406432748538,0.19798254273557978,74.98091697785735,72.47068372797375,3.605551275463989,1.7827909747308521,1.4142135623730951,8.53530914178993,7.5383504779669,-0.8982088317705957,152.20815280171308,0.770042194092827,2.589593358337879,7.737758478149772,0.01968795247375965,0.00153353251516819,0.23149699382288494,0.026260776445269585,0.026260776445269585,0.021761288725528398,0.021199338296300746,0.021568628028035164,0.0156252384185791,0.0156252384185791,0.0026384230514832543,0.002295384419202233,0.02275883173570037,145.06352275826265,1024.9287272027996,0.0,145.17534246575343,1024.7260273972602,157.0,1018.0,0.0,31,24,4.440892098500626e-15,4.574118861455645e-14,-5.0182080713057076e-14,-0.2742026297449889,0.11920588782104025,0.0,-0.20754387840779387,0.31037463515203667,0.013583171939242522,-0.32395780709127564,0.20754387840779032,2.0872192862952943e-14,-5.062616992290714e-14,2.9753977059954195e-14,2.0872192862952943e-14,-2.0872192862952943e-14,-2.9753977059954195e-14,2.531308496145357e-14,4.440892098500626e-15,176.0,149.45783927111336,146.50871030123704,143.55958133136076,140.61045236148448,138.53528465305018,135.95373914462405,133.37219363619792,131.49775490895834,129.0,126.45598423566572,173.05087103012372,124.58154550842613,122.0,170.1017420602474,167.15261309037112,164.20348412049483,161.25435515061852,158.30522618074224,155.35609721086593,152.40696824098964,1001.0,1020.3686037751336,1022.5206708612595,1024.6727379473853,1026.8248050335112,1029.4647153469498,1032.046260855376,1034.6278063638022,1037.5022450910417,1039.5327113645399,1041.5440157643343,1003.152067086126,1044.4184544915738,1047.0,1005.3041341722519,1007.4562012583777,1009.6082683445038,1011.7603354306298,1013.9124025167556,1016.0644696028816,1018.2165366890076,73.01713339799154
12,32,889,9394,408,1083,331,961,369.26884139482564,1021.1946006749156,8.247799843761813,0.9984914858442239,33.64386950500135,1,0.09463487332339791,0.12124445536300758,147.73630879806637,141.8344104933637,4.242640687119285,2.035575727761574,2.0,8.5111793937438,8.111722592493148,-0.5837988808822155,303.5462479183374,0.8001800180018002,5.655893829651177,20.241840345785022,0.018894484266638756,0.0033035781234502792,5.178952210764967,0.03532463684678078,0.03532463684678078,0.0233714621059966,0.02276922423597865,0.021553369238972664,0.015472648665308952,0.014587624929845333,0.0053917608500981765,0.004672051102275392,0.026283664628863335,372.07282656508926,1016.8403828156062,0.0,369.26884139482564,1021.1946006749156,382.0,997.0,0.0,32,25,0.14792614200226395,0.06105700231715616,-0.0777306260111974,-0.029044884346225874,0.05776735384395826,0.07523624580522537,-0.10395871530295109,-0.10829464116157217,-0.11026498054538769,0.20177783668266502,0.033455408718320534,0.1444456806849157,-1.554312234475219e-14,-0.017314075229960757,0.040817005429889974,0.07186539652464008,-0.0953683267245693,-0.09730659386397766,0.11398021755801002,406.0,374.0,370.0,365.5859650045003,361.6970562748477,358.0,353.9192388155424,349.32322330470333,345.4343145750507,342.25251262658463,339.77781745930514,404.0,336.0,332.0,401.050609665441,397.16170093578836,393.27279220613576,389.4772077938642,385.3234018715768,381.14159992311073,377.25269119345813,962.0,1015.8997474683059,1021.7426406871193,1027.4140349954996,1033.3029437251523,1039.2713203435596,1045.0807611844575,1050.6767766952967,1056.5656854249494,1062.7474873734154,1069.2221825406948,968.6713203435596,1075.1571067811865,1081.0,974.9493903345591,980.8382990642116,986.7272077938642,992.6970562748477,998.6765981284232,1003.8584000768893,1009.7473088065419,149.99494936611666
12,33,539,2640,331,1159,298,1079,313.4768089053803,1118.126159554731,5.071433801854701,0.9951194439916691,26.196872229566885,1,0.20416666666666666,0.19718289522664867,87.34001374141226,83.81527307120105,4.242640687119285,2.055570350698805,2.0,9.201092075917247,8.618513316910047,-0.382111341602848,185.33809511662426,0.7789017341040463,3.742442984133959,12.378347501158714,0.021011672914028168,0.0018234532326459885,1.2692499778152984,0.031601432710886,0.031601432710886,0.023686348000847842,0.022965394250758282,0.022682536393404007,0.018081940710544586,0.016327153891324997,0.0033928712902001235,0.0027922256258060547,0.024650949984788895,313.00632137773187,1119.304988207467,0.0,313.4768089053803,1118.126159554731,300.0,1149.0,0.0,33,25,0.6033848272011195,-0.09409823956518859,-0.07138515222803754,-0.09337417019379912,0.13487197913610438,0.06353539914506379,-0.2709651989342139,0.07255782065304572,-1.2878587085651816e-14,0.25885756198706433,-2.6201263381153694e-14,0.30016547304208796,0.008172103929886099,2.6201263381153694e-14,-0.050509224980589185,-0.009940958725306537,2.4868995751603507e-14,-0.027110626796176263,0.08756081050202091,327.0,315.0,313.0,311.3628263734754,310.0,309.0,307.4775865093791,305.7111020338893,305.0,304.0,303.0,328.7479732562331,301.0,299.0,327.96829343407,326.0,324.0,322.0,320.1952487509243,318.42876427543456,316.6622797999447,1080.0,1114.1473676654184,1117.8171268436315,1121.6371736265246,1125.5708587624306,1129.6548315030166,1133.522413490621,1137.2888979661107,1141.4925361624018,1145.5765089029878,1149.660481643574,1083.9918930249323,1153.330240821787,1157.0,1088.03170656593,1091.7145990337674,1095.3843582119805,1099.0541173901934,1102.8047512490757,1106.5712357245654,1110.3377202000552,89.96372605918356
12,34,976,11960,1902,1225,1772,1133,1837.1168032786886,1179.4733606557377,8.820074557358227,0.99851805568565,35.25169209643019,1,0.08160535117056857,0.11337772640093398,162.62337592686885,156.7226850203888,4.242640687119285,2.037465590716534,2.0,9.844314979103304,8.850197306612783,-0.9508925410925927,328.90158697766475,0.7536679536679537,5.601174965500832,19.359182222746313,0.016479743644595146,0.002685587853193283,4.930881797666336,0.032608531415462494,0.032608531415462494,0.02154298063654166,0.019835227687240074,0.01875333860516548,0.01362630631774664,0.01362630631774664,0.005081012610157402,0.00420772497575554,0.02226291224360466,1833.013012493181,1182.2069474005364,0.0,1837.1168032786886,1179.4733606557377,1803.0,1200.0,0.0,34,28,0.09497793403033628,0.09497793403030919,-0.09497793403030919,0.0,0.2063568401449345,0.06118599328741281,-0.23705120486905118,0.222354838290717,-0.1578685328237115,0.09893285922227202,-0.09893285922227202,-0.09497793403031407,0.071804839446306,0.04657511488044941,0.07553083892581425,-0.09893285922227202,-0.09497793403029764,-0.08966751992733668,0.08966751992733268,1900.0,1843.984711290306,1837.9235087774584,1831.5694130457978,1825.5082105329502,1819.4470080201027,1812.587703653503,1805.608200998136,1799.2676551169347,1792.355180413796,1786.0010846821351,1893.9387974871527,1779.354095731661,1773.0,1887.5847017554916,1881.5234992426442,1875.2395727427463,1868.8153077793224,1862.1683188288482,1855.8142230971873,1849.75302058434,1134.0,1176.015288709694,1181.0764912225416,1185.4305869542022,1190.4917894670498,1195.5529919798973,1199.2061481732485,1202.391799001864,1207.3661724415326,1210.644819586204,1214.9989153178649,1139.0612025128476,1218.645904268339,1223.0,1143.4152982445084,1148.4765007573558,1153.0,1157.1846922206776,1160.8316811711518,1165.1857769028127,1170.24697941566,163.15242471171229
12,35,988,7791,1875,1381,1822,1234,1846.06983805668,1306.1781376518218,8.82675680108495,0.9983408752018083,35.467741261579384,1,0.12681298934668206,0.11329189446763548,159.81718612198597,154.3243337908834,4.123105625617661,2.068372509973208,2.0,10.503453259918711,9.2023297837645,-0.36337261318871683,331.0426765808691,0.6707399864222675,6.731456512585282,21.502311839722097,0.01925688609480858,0.002151522785425186,2.1507950834143585,0.029694056138396263,0.029694056138396263,0.022974254309164787,0.02176347352198593,0.02200350910425186,0.014038300141692162,0.014038300141692162,0.0036389074471577165,0.0032003284152139376,0.0238345917314291,1845.2175106514583,1308.1528420563207,0.0,1846.06983805668,1306.1781376518218,1823.0,1365.0,0.0,35,30,-0.5491040350199965,0.09939377685107065,0.08417133548625366,-0.0917127402194522,0.030151379359073527,-0.06031787290489521,-0.024135612214834845,-0.16964057198574745,0.06907465355751197,-0.08997153966050475,-0.015772119587067923,0.13508942969408144,0.0,7.549516567451064e-15,0.010905393633500626,0.23579203012347927,-0.08400599789924668,-0.03016029981793289,-0.08431002194208403,1873.0,1849.0535533905934,1846.7071067811864,1843.6535533905933,1840.0,1837.0,1833.785786437627,1831.0,1828.3857864376268,1827.0,1825.1071067811865,1868.0,1824.0,1823.0,1867.0,1865.0,1863.0,1861.0,1858.9213203435597,1855.16066017178,1852.0,1235.0,1299.9464466094066,1307.2928932188136,1314.3464466094067,1321.1514718625763,1328.2272077938642,1335.214213562373,1342.3786796564405,1349.6142135623732,1357.358578643763,1364.8928932188137,1241.247308806542,1371.9242640687119,1379.0,1249.151471862576,1256.6414213562373,1264.1313708498985,1271.6213203435595,1279.0786796564403,1285.83933982822,1292.848528137424,166.36753236814718
12,36,629,4698,315,1501,261,1414,285.4912559618442,1457.5151033386328,5.710591977255076,0.9957221495539738,28.299605538565682,1,0.13388676032354194,0.1751131938655285,103.51165557135515,99.98499887483122,4.242640687119285,2.046302579329457,2.0,10.616260755826577,9.564275823773144,0.5667162213980956,212.45689014324222,0.7578313253012048,3.602197330445051,12.6323186988011,0.018680857494473457,0.00163271464407444,1.4315779217742706,0.025940338149666786,0.025940338149666786,0.020821949886965615,0.020083177581559777,0.020126650109887123,0.014007782563567162,0.014007782563567162,0.002245070222453409,0.0021793252938119515,0.021805142983794212,286.2839046001197,1458.7072121769322,0.0,285.4912559618442,1457.5151033386328,312.0,1499.0,0.0,36,34,0.30558008804623105,-0.13285239634924195,0.06529593356416519,-0.13119925444825165,0.27180802508284607,-0.14060877063461252,3.630429290524262e-14,0.0821028091471554,-0.013742139345808368,-0.06836066980135613,0.15251007780946946,-0.15508267358403316,0.1572196831095345,0.021814850024914012,-0.043685618624622835,-0.13617259609398702,0.0016474975198277342,-0.15333389374513318,0.06755646278507677,262.0,281.30840007688926,284.0,287.32763889243176,290.337258300203,294.0,296.3564971157456,299.3661165235168,302.3757359312881,305.0,307.68786796564405,265.0,310.69748737341524,313.0,266.6050252531694,268.9075378797541,270.50294372515225,272.0,273.6937554159486,276.0,278.298780669118,1415.0,1454.3084000768893,1458.4497474683058,1462.3276388924319,1466.337258300203,1470.0763455967292,1474.3564971157457,1478.3661165235167,1482.375735931288,1486.5449747468306,1490.687867965644,1419.013603896932,1494.6974873734152,1499.0,1423.6050252531695,1427.907537879754,1432.5029437251524,1437.1390872965258,1441.6937554159485,1445.9947222151363,1450.298780669118,105.12489168102775
12,37,554,2064,262,1413,238,1327,248.3592057761733,1369.2364620938629,5.361378271361122,0.995839387156649,26.558891313141824,1,0.26841085271317827,0.18651920259790297,90.59667781709554,87.0976463516667,4.0,2.0527737639375623,2.0,8.509477350960559,8.255696513998885,0.24405073511809683,193.19595949289334,0.8087591240875912,3.3481040857732296,10.525993801653385,0.017105363309383392,0.0016327165067195892,0.2724893777004156,0.02566567435860634,0.026260776445269585,0.019694729916313117,0.01899998881164871,0.018631266430020332,0.0156710147857666,0.014862287789583206,0.0024615186391469205,0.0023343024939471296,0.02049286663532257,248.40979906978436,1368.9687107547418,0.0,248.3592057761733,1369.2364620938629,242.0,1335.0,0.0,37,34,-0.30558263708319044,-2.4202861936828413e-14,1.2212453270876722e-14,0.0,-0.09820411309974664,0.06097286181837558,-0.0771877642678771,0.11441901554924816,0.0,-0.21383105852083695,0.1765998072394721,0.5016469300722746,-0.36930009127724284,-0.1968853480536692,0.12457890204408373,-0.04935935733289365,0.02477770442509941,0.0,2.4202861936828413e-14,241.0,247.0,248.0,249.0,250.0,251.0,252.39289321881344,253.54289321881345,255.0,256.0,257.0,240.85710678118656,258.85,260.0,242.0,241.0,241.6,243.0,243.89999999999998,245.0,246.0,1328.0,1365.4949747468304,1369.7071067811867,1373.9192388155425,1378.1313708498985,1382.3435028842546,1386.3928932188135,1390.5428932188133,1394.5656854249492,1398.7778174593052,1402.9899494936612,1331.8571067811865,1406.8500000000001,1411.0,1336.0100505063388,1340.2221825406948,1344.6,1348.6464466094067,1352.9,1357.0707106781188,1361.2828427124746,92.52691193458115
12,38,575,4692,491,1413,422,1345,454.7095652173913,1378.7495652173914,5.439693686159917,0.9970117034472855,27.05758189903005,1,0.12254901960784313,0.1838338806731482,98.48582485462593,94.06912352095134,4.242640687119285,2.0120358421561946,2.0,7.7781745930520225,7.608094153912231,-0.7845995347111971,198.25588001646557,0.8620689655172413,4.081513732671738,15.066544672474265,0.022747386246919632,0.0035934997722506523,0.21159883926021986,0.033844511955976486,0.03439383581280708,0.026852064030735118,0.026202686386911766,0.02617685217410326,0.017059586942195892,0.016433967277407646,0.004860323880331617,0.0042922278888914995,0.02999923750758171,454.4985952685023,1378.7332633941176,0.0,454.7095652173913,1378.7495652173914,430.0,1401.0,0.0,38,36,4.218847493575595e-14,-1.6431300764452317e-14,8.43769498715119e-15,-8.43769498715119e-15,8.43769498715119e-15,3.3306690738754696e-14,-3.3306690738754696e-14,7.993605777301127e-15,-5.0182080713057076e-14,7.549516567451064e-14,-3.3306690738754696e-14,0.0,0.1572511664542824,-0.15725116645431614,-0.007381410982529424,-0.0027192556027437753,-5.062616992290714e-14,8.43769498715119e-15,7.993605777301127e-15,489.0,458.5900441379411,455.2636764890375,451.93730884013377,448.61094119123,445.28457354232626,441.9582058934225,438.6318382445187,435.3054705956149,431.9791029467113,428.65273529780757,485.63951840153493,425.3263676489038,422.0,482.2790368030698,478.9185552046047,475.26518038732615,471.904698788861,468.56914708465246,465.2427794357486,461.9164117868449,1346.0,1375.663220267407,1379.0574729703699,1382.451725673333,1385.845978376296,1389.240231079259,1392.634483782222,1396.028736485185,1399.422989188148,1402.8172418911108,1406.211494594074,1349.3604815984652,1409.605747297037,1413.0,1352.7209631969301,1356.081444795395,1358.7348196126738,1362.095301211139,1365.480462158518,1368.874714861481,1372.268967564444,95.04877305309118
12,39,786,8554,422,1508,331,1414,377.6055979643766,1461.0356234096691,7.299793088409919,0.9982960680624152,31.634890266315733,1,0.09188683656768763,0.13699018422696493,135.33868184505152,128.7245120402482,4.242640687119285,2.022672501678672,2.0,7.859743205616341,7.897288082589802,-0.7431766349076946,268.51681066681454,0.8273684210526315,4.962462844327092,17.880842403508723,0.01883726194500923,0.0034027621150016785,0.5731027763015125,0.033829253166913986,0.033829253166913986,0.024566647744193527,0.02274916336324265,0.022827496752142906,0.015289540402591228,0.01509117241948843,0.0044578222931447664,0.0042668519177571675,0.025764858350157738,377.09984032868897,1461.305171190495,0.0,377.6055979643766,1461.0356234096691,412.0,1420.0,0.0,39,36,4.6629367034256575e-14,-4.618527782440651e-14,3.9968028886505635e-14,-4.6629367034256575e-14,5.284661597215745e-14,-5.284661597215745e-14,7.948329962292888e-05,0.1664373248792006,-2.2648549702353193e-14,-0.035616110166566184,0.1940925366027817,-1.021405182655144e-14,-1.9539925233402755e-14,-1.687538997430238e-14,5.284661597215745e-14,-2.3092638912203256e-14,-6.217248937900877e-15,-2.353672812205332e-14,5.284661597215745e-14,422.0,382.6213757279793,378.24597303108806,373.8705703341968,369.49516763730566,365.1197649404145,360.74436224352326,356.3689595466321,351.99317872617297,347.0681073493331,342.1430359724932,417.6245973031088,337.30824848729003,332.0,413.24919460621766,408.87379190932637,404.49838921243526,400.1229865155441,395.74758381865286,391.3721811217616,386.99677842487046,1413.0,1456.8790384745375,1461.7544871939303,1466.6299359133236,1471.5053846327164,1476.3808333521097,1481.2562820715025,1486.1317307908957,1491.0068212738272,1494.931892650667,1498.8569640275068,1417.8754487193933,1503.0,1506.0,1422.750897438786,1427.626346158179,1432.5017948775721,1437.3772435969654,1442.2526923163582,1447.1281410357512,1452.0035897551443,131.01778348818763
12,40,937,11760,1663,1526,1565,1406,1617.3703308431163,1468.0192102454641,8.50865348534623,0.9976153613161839,34.54020054106298,1,0.07967687074829932,0.1175274092101905,158.5215548906443,152.2694979304785,4.242640687119285,2.024155274726123,2.0,12.346864735029666,10.94096302834938,-0.6833066848038247,316.52290732122435,0.6374149659863946,5.335744277574122,19.610711951740086,0.01756313443183899,0.00317387655377388,1.8808052772447699,0.032822154462337494,0.032822154462337494,0.02142869187780772,0.02092925501786562,0.02057679183781147,0.013900969177484512,0.013672083616256714,0.004142754127323213,0.004120102074173028,0.023891814053058624,1618.5064496190807,1466.5203231190224,0.0,1617.3703308431163,1468.0192102454641,1652.0,1416.0,0.0,40,37,-0.20440164270840944,0.012694128214526756,0.1645707005847905,-0.0801886009676398,0.09157098068583469,-0.00239613520343962,0.09634388782134362,-0.16852437421927213,0.15018194057212275,-0.07560531897079814,0.09157098068590086,0.16197764682459548,0.008771041891485698,-1.6431300764452317e-14,0.0,0.17108444799746225,-0.13743149400511756,0.09707622783170278,-0.09707622783167746,1661.0,1623.5662950903902,1619.328427124746,1615.0,1609.4384776310849,1604.4935028842542,1599.2556349186102,1594.025126265847,1588.0727922061355,1583.0,1577.1828427124744,1656.762132034356,1571.9449747468307,1566.0,1653.938477631085,1650.0,1646.0,1642.0,1638.0,1632.7491378028649,1628.5112698372209,1407.0,1463.4337049096098,1469.6715728752538,1475.8719300090008,1481.5615223689151,1487.5064971157458,1492.7443650813898,1498.0,1502.9272077938642,1508.8192388155426,1513.8171572875253,1413.237867965644,1519.0550252531696,1524.0,1420.061522368915,1426.423401871577,1432.7597979746447,1439.0961940777127,1445.4325901807806,1451.2508621971351,1457.4887301627791,159.86500705120554
12,41,515,3696,1565,1582,1499,1526,1529.7436893203883,1551.7941747572816,4.907584191014226,0.9948477455637076,25.60699837034026,1,0.13933982683982685,0.20376624446524982,86.82010466854828,83.86894538504703,4.242640687119285,2.0195214512603545,2.0,9.860932186529771,8.801847366144479,-0.9184732022616258,178.21424945612296,0.7420749279538905,3.6769817983731627,12.698069797828794,0.020420385524630547,0.004394598305225372,3.5434690181936404,0.03648431971669197,0.03648431971669197,0.02645310646311628,0.0246564462093763,0.024322880432009697,0.01335164438933134,0.013168536126613617,0.007144744499691104,0.006060015137363338,0.02915617637336254,1526.8261408985413,1553.805165530278,0.0,1529.7436893203883,1551.7941747572816,1512.0,1561.0,0.0,41,37,0.17439871952360697,0.17439871952363895,1.3766765505351941e-14,-0.1743987195236527,0.17439871952360697,-0.17439871952356967,0.0,-7.460698725481052e-14,3.730349362740526e-14,-0.17439871952363895,-1.3766765505351941e-14,-0.17439871952356967,0.17439871952360164,-0.17439871952367625,0.21322489882915585,-0.07699518228986735,0.41797113776053507,-0.1909506312835525,-0.3632502230162338,1563.0,1532.9591883092037,1529.914213562373,1526.576345596729,1523.238477631085,1520.1935028842545,1516.8556349186106,1513.8106601717798,1510.7656854249492,1507.7207106781188,1504.675735931288,1559.9550252531694,1502.337867965644,1500.0,1556.6171572875255,1553.572182540695,1550.2343145750508,1547.1893398282202,1543.7899494936612,1540.5136038969322,1536.5899494936612,1527.0,1548.0408116907963,1551.085786437627,1553.423654403271,1555.761522368915,1558.8064971157455,1561.1443650813897,1564.1893398282202,1567.2343145750506,1570.2792893218812,1573.324264068712,1530.0449747468306,1576.662132034356,1580.0,1532.3828427124747,1535.427817459305,1537.7656854249492,1540.81066017178,1543.0,1545.4863961030678,1546.4100505063388,86.12489168102779
12,42,812,6136,1754,1514,1702,1396,1734.9963054187192,1451.6416256157636,7.432197847971925,0.9912451108362075,32.15385684991696,1,0.13233376792698825,0.13454970123983942,131.1594261496959,126.46343345014795,4.242640687119285,2.060193641225913,2.0,18.111724944420967,17.317579708725404,0.4313025736727387,275.38582233137674,0.5009253547193091,4.768001855351031,16.496940658427775,0.016357671469449997,0.003662165254354477,4.750207677159196,0.034058138728141785,0.034058138728141785,0.020118151288400974,0.020316429382300216,0.019516289234161377,0.013092241249978542,0.0120241092517972,0.0052159852407444715,0.004578947243930408,0.024139773100614548,1732.7053075266845,1447.480399638382,0.0,1734.9963054187192,1451.6416256157636,1731.0,1432.0,0.0,42,38,0.16653300820047245,-0.04870235098822717,0.16409111470676585,-1.1546319456101628e-14,0.1685610037945613,5.329070518200751e-15,0.0,0.0,0.0,0.1559860980829746,0.0,-0.0139679980577474,-0.008139089857505999,-0.11224784253654985,-0.17832846259791835,0.15838405220307916,-0.024384777662582846,0.11399814007114772,0.12178913917328704,1703.0,1736.3811698051145,1739.049056373864,1742.0,1744.0,1746.0,1747.0,1748.0,1749.0,1750.0,1751.0,1707.0,1751.0,1751.0,1710.0,1713.0876918039498,1716.448021666799,1720.2954099677436,1725.0,1728.924076324056,1733.0,1397.0,1444.3811698051145,1450.0490563738638,1455.599696870518,1461.5442311141705,1467.4887653578228,1473.847513163848,1480.2062609698733,1486.5650087758986,1492.923756581924,1499.2825043879493,1402.116107118906,1506.0554657563478,1512.0,1407.6464278001852,1413.1534606569123,1419.0340379168981,1424.2954099677438,1428.7765205888686,1433.924076324056,1439.0087348266807,135.45922736796848
12,43,549,880,1759,1603,1749,1515,1753.1621129326047,1557.8979963570127,5.037704044096816,0.9955324742540556,26.438769072322643,1,0.6238636363636364,0.1985031258777102,90.65587075654382,87.0,4.0,2.106353416325713,2.0,8.707511771205064,8.559706340562562,0.04104351409945751,186.42640687119285,0.7809388335704125,3.250080119818449,10.27508969604969,0.016926070675253868,0.0017853062599897385,0.6654943860094641,0.024826427921652794,0.02514686807990074,0.01867862137826695,0.0187160103753182,0.018570229411125183,0.01426718570291996,0.013839933089911938,0.0024668737645249694,0.0023472815661113415,0.02037079446017742,1753.1921684401152,1558.5628117030137,0.0,1753.1621129326047,1557.8979963570127,1753.0,1556.0,0.0,43,38,-0.30766046876520026,0.0,0.231090667195897,-0.231090667195897,0.231090667195897,0.0,0.0,0.0,0.23109066719589721,0.13179715277422077,-0.25819269934033073,-0.10062442060135113,0.22812320535518094,0.2481386734875568,-0.23109066719589721,0.0,0.0,0.0,-0.231090667195897,1752.0,1752.0,1753.0,1754.0,1754.0,1755.0,1755.0,1755.0,1755.0,1755.0,1754.0,1751.4090097423305,1752.46966991411,1752.0,1751.889087296526,1752.9341360081773,1753.0,1752.0,1752.0,1752.0,1752.0,1516.0,1553.835786437627,1558.085786437627,1562.335786437627,1567.0,1571.25,1575.0857864376271,1579.75,1583.585786437627,1588.25,1592.5,1519.5909902576698,1596.53033008589,1601.0,1522.889087296526,1527.0658639918227,1530.9289321881345,1535.1789321881345,1539.8431457505078,1544.5073593128807,1549.1715728752538,93.28427124746187
12,44,525,2291,512,1592,433,1563,472.0571428571429,1576.1371428571429,4.91239762009079,0.9955308749837269,25.854414729132053,1,0.22915757311217808,0.20356658343579245,85.12639081845788,82.21921916437786,4.123105625617661,2.063122978416928,2.0,7.905694150420948,8.039049413635311,1.2417744702043734,180.0243866176395,0.8522727272727273,3.33051042817533,11.120515814982355,0.01910429634153843,0.0018768589943647385,1.1892998575415905,0.02998397871851921,0.02998397871851921,0.021349425821636733,0.021181934885680674,0.020981155335903168,0.016372930258512497,0.01493858266621828,0.0032533975088137636,0.002704082211064518,0.022842755541205406,470.9207157480637,1575.7864755263315,0.0,472.0571428571429,1576.1371428571429,438.0,1568.0,0.0,44,44,0.0,-0.09644100301059044,0.04945901866536079,0.16928244263249048,-0.2187414612978582,0.11765931654766404,0.057829955324769144,-1.0330625244137082e-13,-0.10786160431369007,0.02498415615342775,0.08287744816026815,-0.042217703213959124,0.21770697508638884,-0.03953542426259232,-0.1359538476098374,0.010422367135464322,0.1650669047369137,-0.1896266677965848,0.11057839893480068,434.0,468.63933982822016,472.4142135623731,476.33847763108497,480.1857864376269,483.7727922061357,487.6970562748477,491.43933982822017,495.09289321881346,498.74644660940675,502.5656854249492,437.9242640687119,506.34644660940677,510.0,441.84852813742384,445.8393398282202,449.4928932188135,453.20710678118655,457.1313708498985,461.03933982822014,464.6928932188134,1564.0,1574.6393398282203,1576.0,1577.0,1578.1857864376268,1580.0,1581.0,1582.43933982822,1584.0928932188135,1585.7464466094066,1587.0,1565.0,1588.346446609407,1590.0,1566.0,1566.83933982822,1568.4928932188136,1570.0,1571.0,1572.0393398282201,1573.6928932188134,86.76955262170043
12,45,957,11375,638,1680,513,1589,577.6478578892372,1628.6938349007314,8.841140705507854,0.9977641464669159,34.906879612929465,1,0.08413186813186813,0.11310757664754954,158.63746852703628,152.0526224699857,4.242640687119285,2.0415643507449617,2.0,12.590903332904832,10.602286930978725,0.9675229441267296,326.07315985291854,0.6103316326530612,5.389318701811135,19.749874209985137,0.01748683862388134,0.0028381794691085815,4.73548719302175,0.030548561364412308,0.030548561364412308,0.021134583144357393,0.02063727712642125,0.019851988181471825,0.014694438315927982,0.014206149615347385,0.004691756522556958,0.003871517040660044,0.023937590420246124,581.4910693467499,1631.460523290868,0.0,577.6478578892372,1628.6938349007314,604.0,1648.0,0.0,45,44,0.0,0.10104397212918331,3.341771304121721e-14,0.005377591177242014,-0.09057073663043991,0.16748925994495012,0.10620167197028962,-4.0190073491430667e-14,2.0095036745715333e-14,0.09149992362038162,0.09699786284166512,0.2042394142817296,-0.019746617465493665,-0.061047935929157804,0.08079455339465147,-0.022473030807816263,-0.05554531980581856,0.07801835061360995,-0.10104397212916688,514.0,571.9364406519052,578.4714540194991,584.7135741682797,590.9556943170602,597.3554114902308,603.8450373478369,609.8396517877918,615.4959854989454,621.152319210099,626.8086529212526,520.8279065864074,631.7578798512195,636.0,527.6558131728148,533.8979333215952,540.1980655172629,546.6750668379698,552.9171869867503,559.2252943116504,565.6943205031247,1590.0,1623.936440651905,1627.471454019499,1631.7135741682796,1635.9556943170603,1640.3554114902308,1644.0,1648.8396517877918,1654.4959854989456,1660.152319210099,1665.8086529212526,1592.8279065864074,1671.7578798512195,1678.0,1595.6558131728148,1599.8979333215952,1604.0,1607.6750668379698,1611.9171869867503,1616.0,1619.6943205031248,159.98527695243095
12,46,556,2624,1138,1904,1106,1822,1121.886690647482,1861.4442446043165,5.1813438001997865,0.9958958769635256,26.60678836073137,1,0.21189024390243902,0.19300012478643883,89.16175703341298,85.44003745317531,4.123105625617661,2.076242877362471,2.0,7.841756862140747,8.069706595824602,0.33751474552533556,190.26702730475876,0.8593508500772797,3.4608835130929947,10.806134180165827,0.01722743548452854,0.00154116190969944,1.7194336137009933,0.0318913571536541,0.0318913571536541,0.02084869586200599,0.019435493129794652,0.018677042797207832,0.01425192691385746,0.013565270230174065,0.003995044111702341,0.0032395718081151847,0.02052338421344757,1121.232327938497,1859.8541938513483,0.0,1121.886690647482,1861.4442446043165,1106.0,1823.0,0.0,46,46,1.6653345369377348e-14,-1.6653345369377348e-14,1.6653345369377348e-14,-1.6653345369377348e-14,1.6653345369377348e-14,-1.6653345369377348e-14,-1.6653345369377348e-14,0.02087544901656435,0.053579179650967035,-0.15097583721169272,0.10901163314974704,-1.6653345369377348e-14,1.6653345369377348e-14,-1.6653345369377348e-14,0.0,0.0,1.6653345369377348e-14,-1.6653345369377348e-14,1.6653345369377348e-14,1107.0,1120.2806533070973,1121.7562814523303,1123.2319095975633,1124.7075377427964,1126.1831658880294,1127.6587940332624,1129.1344221784955,1130.6100503237285,1131.922597430021,1133.0,1108.475628145233,1134.738662254187,1136.0,1109.951256290466,1111.426884435699,1112.9025125809321,1114.3781407261652,1115.8537688713982,1117.3293970166312,1118.8050251618643,1818.0,1856.1818782579046,1860.4243091754497,1864.6667400929946,1868.9091710105397,1873.1516019280846,1877.3940328456297,1881.6364637631746,1885.8788946807192,1889.922597430021,1893.9680593657213,1822.2424309175449,1897.9546490167477,1902.0,1826.48486183509,1830.7272927526349,1834.96972367018,1839.2121545877249,1843.4545855052697,1847.6970164228146,1851.9394473403597,89.83473384642555
12,47,865,6572,1110,1821,1057,1697,1084.750289017341,1758.0751445086705,7.398860261105469,0.9982308191911934,33.186626918021,1,0.13161898965307364,0.13515595168850902,138.46936161014102,132.03408650799233,4.123105625617661,2.088701174299464,2.0,8.397670166402193,8.23308551380265,0.3662013887797599,283.5929291125633,0.80765639589169,6.283024366945028,20.76119641866535,0.018589302897453308,0.0052796220406889915,5.365347600068596,0.035538263618946075,0.035599298775196075,0.02554074945912613,0.02400138314296572,0.02301823440939188,0.013839933089911938,0.013839933089911938,0.005474844644917201,0.005932924125211862,0.029579613357782364,1082.734388513514,1753.1029116070224,0.0,1084.750289017341,1758.0751445086705,1069.0,1722.0,0.0,47,46,0.1638783403431484,-2.2870594307278225e-14,-1.9095836023552692e-14,7.549516567451064e-15,2.2870594307278225e-14,-1.1324274851176597e-14,-7.549516567451064e-15,-1.554312234475219e-14,4.596323321948148e-14,-3.042011087472929e-14,0.16480324377005795,0.08655249012129818,0.01889689114402726,0.07211238486229066,-1.1324274851176597e-14,0.0,-1.9095836023552692e-14,7.549516567451064e-15,3.441691376337985e-14,1058.0,1083.3209284435277,1085.7783044303098,1088.235680417092,1090.6930564038744,1093.1504323906565,1095.6078083774387,1098.0651843642208,1100.5225603510032,1102.9799363377854,1105.4373123245675,1062.0,1107.89468831135,1109.0,1065.3355449475512,1068.1497640307336,1071.0340485096167,1073.4914244963988,1075.948800483181,1078.4061764699632,1080.8635524567455,1698.0,1753.0727122035246,1759.605736168385,1766.138760133245,1772.671784098105,1779.2048080629647,1785.7378320278249,1792.2708559926848,1798.8038799575452,1805.3369039224046,1811.869927887265,1702.7372661078064,1818.4029518521254,1824.0,1708.3355449475512,1714.1497640307336,1720.4075923792248,1726.940616344085,1733.4736403089448,1740.0066642738047,1746.539688238665,139.59813589851285
12,48,591,2484,1126,1967,1034,1940,1078.321489001692,1954.7495769881557,5.5010077328916065,0.9961006162642431,27.431452220735256,1,0.23792270531400966,0.1817848744368788,96.80924372878492,93.86160024205851,4.0,2.0700937558324384,2.0,9.357469303164006,8.54094705627479,1.3424265049678281,202.12489168102786,0.7766097240473062,3.029633041471243,9.421011748723686,0.014435035176575184,0.0013275351375341415,1.655773304270774,0.021286334842443466,0.021332113072276115,0.016646335392699135,0.01594079822119067,0.0158236064016819,0.0117952236905694,0.0117952236905694,0.0021373681928510847,0.001948352861344314,0.017101548612117767,1076.7185061623236,1954.3348104853785,0.0,1078.321489001692,1954.7495769881557,1035.0,1941.0,0.0,48,49,0.16062148476100463,0.16727348237280648,-0.05475142874067407,0.11060464011705937,-0.08066505928643936,0.049847684646392026,-0.130116706533161,0.23453415700504154,-0.1294532872082185,0.0,-0.2142876917154886,-0.3256274928018178,0.045636394436866956,0.07374147423627514,-0.2800771266761194,0.14531785916814632,-0.08128161524376346,-0.038932849376337314,-0.12834063299646914,1035.0,1074.2006096654409,1078.4644660940673,1083.0594408408979,1087.7556349186104,1092.249390334559,1096.889949493661,1101.43933982822,1105.4384776310849,1109.8008621971353,1114.3958369439658,1039.127817459305,1118.9908116907964,1124.0,1042.9627416997969,1047.3834523779155,1051.72304473783,1055.9319805153395,1060.6455844122715,1065.0937554159486,1069.6887301627792,1941.0,1954.7993903345591,1955.0,1956.0,1956.7556349186104,1958.0,1958.8899494936613,1960.0,1960.438477631085,1962.0,1963.0,1943.1278174593053,1964.0,1964.0,1945.9627416997969,1947.3834523779155,1949.0,1950.9319805153393,1951.6455844122715,1953.0,1954.0,100.18376618407353
12,49,583,1911,1218,1968,1127,1947,1172.2092624356776,1959.557461406518,5.485444919654196,0.994540721923357,27.245158369526866,1,0.30507587650444795,0.18230061820820184,95.11068886030685,91.59148432032315,4.0,2.0707648595580737,2.0,10.401869785169602,9.92472287921234,-1.386789565342579,200.46803743153546,0.7224287484510533,2.6265659742057323,8.382055463269353,0.013015945442020893,0.001312275417149067,0.07981600251771964,0.021316854283213615,0.021316854283213615,0.014511414222131118,0.014377453624818787,0.01417563110589981,0.011581597849726677,0.010605020448565483,0.001895917717664972,0.0017392577826626638,0.0156252384185791,1172.2794319233037,1959.5194240924147,0.0,1172.2092624356776,1959.557461406518,1216.0,1947.0,0.0,49,49,-0.41574599407194857,-1.0658141036401503e-14,1.0658141036401503e-14,0.22046537158456392,-0.22046537158456392,0.44093074316912784,-0.4364676580908098,0.1773111803674432,-0.18177426544576125,0.44093074316912784,-0.4409307431691385,0.0901860527743672,0.23511941847387519,-0.23171871147615786,0.23503520652095045,0.0,-1.0658141036401503e-14,1.0658141036401503e-14,0.0,1216.0,1177.0834523779156,1172.6213203435595,1168.1591883092037,1163.6970562748477,1158.8207106781188,1154.3585786437627,1149.8964466094067,1146.1857864376268,1141.386396103068,1136.9242640687119,1211.38033008589,1132.4621320343558,1128.0,1207.4899494936612,1203.4420310216783,1198.985786437627,1194.9319805153395,1190.4698484809835,1186.0077164466275,1181.5455844122716,1948.0,1960.0,1961.0,1962.0,1963.0,1963.0,1964.0,1963.0,1963.8142135623732,1964.0,1965.0,1948.61966991411,1964.0,1965.0,1951.0,1953.0,1954.014213562373,1956.0,1957.0,1958.0,1959.0,97.52691193458115
